Palabra,Frecuencia,Sueldo,Grupo
$12000,1,14000.0,3
$14200,1,14200.0,3
$15000,1,14000.0,3
$18000+,1,18000.0,1
00zona,1,11000.0,2
10%seguro,1,14000.0,3
15189habilidades,1,14000.0,3
22000conocimiento,1,20000.0,1
24+430,1,14000.0,3
30/03/2025,1,15600.0,3
375sgmmhappy,2,12000.0,2
470pago,2,13000.0,3
5/5/6//1/6/5/7/0/3/5,1,9000.0,2
5565165337,1,9230.0,2
5576713679,1,9230.0,2
5611280641,1,7000.0,2
6647733443,1,18500.0,1
66550en,1,14000.0,3
7297588796,1,9260.0,2
@dental,1,16000.0,3
@hospitalesmac,1,15000.0,3
abarca,1,8600.0,2
abastecida,1,15000.0,3
abastecimiento,3,14500.0,3
abasto,1,16000.0,3
abierto,2,14000.0,3
abordar,1,16000.0,3
abraham,1,9000.0,2
abraza,3,17944.0,1
abrira,1,16275.0,3
absorción,3,14019.5,3
abundancia,1,17000.0,1
acabados,3,6050.0,2
académica,4,18733.333333333332,1
académicas,1,22000.0,1
académico,4,13333.333333333334,3
académicos,4,14500.0,3
accesible,1,10370.0,2
acceso,14,14866.333333333334,3
accesorios,4,11000.0,2
accesos,1,18600.0,1
accidentes,2,11500.0,2
acciones,13,15780.0,3
acción,3,13000.0,3
aceleradores,2,20000.0,1
aceptación,5,11999.75,2
aceptamos,1,15000.0,3
aceptan,2,10000.0,2
aceptar,4,14466.666666666666,3
acerca,11,12719.0,3
acidez,1,20000.0,1
acomodar,1,8600.0,2
acomodo,2,11682.0,2
acompañamiento,2,12500.0,3
acondicionado,1,10900.0,2
acondicionamiento,4,11633.333333333334,2
acorde,6,12982.5,3
acreditaciones,1,14200.0,3
acreditación,3,16933.333333333332,1
acreditado,3,9000.0,2
actitud,13,12698.666666666666,3
actitudes,2,15000.0,3
activa,1,7000.0,2
activacion,2,8400.0,2
activación,2,8500.0,2
activamente,3,15266.666666666666,3
actividad,3,15456.666666666666,3
actividades,87,14390.03125,3
activo,3,17944.0,1
activos,5,15000.0,3
actuales,1,18000.0,1
actualización,15,13324.166666666666,3
actualizada,3,14500.0,3
actualizadas,3,15000.0,3
actualizado,9,14410.666666666666,3
actualizados,4,15333.0,3
actualizar,8,14987.5,3
actualmente,3,15666.666666666666,3
actuar,1,17000.0,1
acuario,1,9000.0,2
acuden,3,11500.0,2
acudir,6,14100.0,3
acuerdo,43,13638.833333333334,3
acuerdos,1,18500.0,1
acuicultura,3,6050.0,2
acámbaro,1,14100.0,3
adaptabilidad,3,15666.0,3
adaptación,1,9000.0,2
adaptacióntrabajo,1,20000.0,1
adaptar,1,10370.0,2
adaptándolos,1,7000.0,2
adecuada,1,17000.0,1
adecuadamente,1,20000.0,1
adecuadas,2,15750.0,3
adecuado,13,14828.57142857143,3
adelante,6,13340.0,3
adelanteconocimiento,1,15000.0,3
adelanto,1,10000.0,2
además,18,10610.857142857143,2
adhesivos,1,21000.0,1
adicional,5,14591.0,3
adicionales,14,13396.3,3
adicionalescontratación,2,8364.0,2
adicionalesprestaciones,2,12500.0,3
adicionalessalario,2,11750.0,2
adicionalessueldo,5,14000.0,3
adicionaleszona,1,9000.0,2
adiestramiento,1,12600.0,3
aditivos,7,12788.0,3
administración,34,14291.538461538461,3
administrada,1,14000.0,3
administrador,3,6050.0,2
administrar,3,16000.0,3
administrativa,8,13566.666666666666,3
administrativas,3,12425.333333333334,3
administrativo,2,10000.0,2
administrativo/a,1,10000.0,2
administrativos,7,13200.0,3
adolfo,1,15000.0,3
adquirida,1,15000.0,3
adquirir,2,10000.0,2
adquisiciones,2,18000.0,1
adquisición,1,15000.0,3
adultos,1,15000.0,3
aeroespacial,1,18000.0,1
aerolíneas,1,10000.0,2
aerosol,1,12000.0,2
aerosoles,2,12000.0,2
afectaciones,1,17000.0,1
afiliación,2,11000.0,2
afines,13,13509.454545454546,3
afrontar,2,20000.0,1
agencias,1,10000.0,2
agenda,3,13900.0,3
agendar,1,18500.0,1
agende,1,9000.0,2
agentes,3,15000.0,3
agilidad,2,8400.0,2
agilizar,2,9200.0,2
agradable,1,12000.0,2
agrobiológica,3,6050.0,2
agrobiótica,3,6050.0,2
agroecológica,3,6050.0,2
agroindustrial,5,9775.0,2
agronomo,2,15000.0,3
agronomía,4,14000.0,3
agropecuaria,3,6050.0,2
agropecuario,3,6050.0,2
agroquímica,1,15000.0,3
agrícola,11,9775.0,2
agrónomo,16,9775.0,2
agrónomos,1,18000.0,1
aguamedios,1,11000.0,2
aguinaldo,51,13139.227272727272,3
ahorro,44,14421.23076923077,3
ahorrovales,2,13000.0,3
aislarlos,1,8600.0,2
ajuste,1,12000.0,2
ajustes,4,14166.666666666666,3
alarma,2,15000.0,3
alcaldía,1,20000.0,1
alcanzando,1,22000.0,1
alcanzar,3,17200.0,1
alcoholes,1,20000.0,1
alcohólico,1,20000.0,1
aleatorias,5,14500.0,3
alerta,1,17000.0,1
alertas,2,12500.0,3
algebra,1,12000.0,2
alguien,3,9925.333333333334,2
alguna,2,12000.0,2
algunas,1,12600.0,3
alguno,1,10000.0,2
algunos,3,9500.0,2
alianzas,1,15000.0,3
alimentación,1,12600.0,3
alimentaria,3,14500.0,3
alimentarias,5,10033.333333333334,2
alimentarios,2,8364.0,2
alimenticio,1,18400.0,1
alimenticios,1,10000.0,2
alimentos,48,13077.6,3
alimentosexperiencia,3,14000.0,3
alineación,1,18000.0,1
alineándote,3,14000.0,3
almacen,1,16300.0,3
almacena,3,14000.0,3
almacenados,1,19000.0,1
almacenaje,4,14675.0,3
almacenamiento,28,16194.444444444445,3
almacenes,7,15740.0,3
almacenista,1,15000.0,3
almacén,28,15132.0,3
almacénrealizar,1,15000.0,3
alrededores,1,18600.0,1
altamente,2,13000.0,3
alternativas,6,17700.0,1
alumbramiento,1,20000.0,1
alumnos,3,14500.0,3
amabilidad,1,8600.0,2
amable,3,10682.0,2
ambiental,25,13118.181818181818,3
ambientales,5,12275.0,3
ambiente,37,14630.555555555555,3
amenazas,1,15000.0,3
amplia,5,10640.0,2
ampliación,2,21000.0,1
ampliamente,1,12000.0,2
amplio,1,19000.0,1
amplios,1,15000.0,3
ampliso,1,20000.0,1
américas,1,9000.0,2
analisis,2,8800.0,2
analista,32,13754.666666666666,3
analizado/,1,10000.0,2
analizadores,3,13666.333333333334,3
analizados,1,16000.0,3
analizar,10,17006.5,1
analítica,14,11892.375,2
analíticas,14,14148.777777777777,3
analítico,10,14749.75,3
analíticos,20,14153.8,3
anaquel,5,14666.666666666666,3
anclaje,1,11500.0,2
andrew,4,16800.0,1
anexar,2,9000.0,2
anexos,4,15000.0,3
animal,4,14000.0,3
animales,1,12600.0,3
animamos,1,16000.0,3
anomalía,1,9000.0,2
anormal,1,13000.0,3
antecedentes,2,8400.0,2
anticipación,3,11546.333333333334,2
anticipos,1,21000.0,1
antigüedad,1,10000.0,2
antirrobo,2,15000.0,3
antonio,1,20000.0,1
anualofrecemos,2,20000.0,1
análisis,119,13675.862068965518,3
análisis/dosis,1,10000.0,2
aparece,1,16370.0,3
apariencia,7,13350.0,3
apaseo,2,14100.0,3
apasiona,1,7000.0,2
apasionada,2,11500.0,2
apasionado,8,11000.0,2
apasionados,2,12000.0,2
apegado,2,12950.0,3
apegarse,2,14000.0,3
apertura,5,14943.75,3
aplica,1,15000.0,3
aplicable,13,15524.75,3
aplicables,30,16238.636363636364,3
aplicacion,2,11500.0,2
aplicaciones,1,10000.0,2
aplicación,3,12333.333333333334,3
aplicación/resultado,1,10000.0,2
aplicadas,2,14000.0,3
aplicado/alimento,1,10000.0,2
aplicados,2,11000.0,2
aplican,1,13000.0,3
aplicando,1,16000.0,3
aplicar,12,12000.0,2
aplicará,1,10000.0,2
aplique,18,11750.0,2
apliquen,3,12801.0,3
apostando,2,12000.0,2
apoyando,1,8000.0,2
apoyar,13,13571.42857142857,3
aprender,7,10446.0,2
aprendizaje,2,9500.0,2
aprobación,2,15500.0,3
aprobadas,1,11000.0,2
aprobado,2,13000.0,3
aprobados,2,14000.0,3
aprovechamiento,2,20000.0,1
aprovechar,3,15200.0,3
aproximadamente,2,16800.0,1
aptitudes,2,21000.0,1
archivo,2,12100.0,2
archivos,3,9496.666666666666,2
aritmética,1,12000.0,2
armonioso,2,13000.0,3
arranque,1,15000.0,3
arranques,1,10000.0,2
arroba,1,15600.0,3
artículos,1,10000.0,2
artística,2,8400.0,2
ascenso,9,11682.285714285714,2
aseada,1,18500.0,1
aseguradas,2,12000.0,2
asegurados,1,16000.0,3
aseguramiento,15,14112.5,3
asegurando,27,13900.0,3
asegurar,58,14736.736842105263,3
asegurarnos,1,16000.0,3
asegurarse,5,15124.75,3
asegurarte,1,16000.0,3
asegurándose,1,20000.0,1
asertiva,2,14500.0,3
asesor,3,13666.666666666666,3
asesoramiento,2,16800.0,1
asesorar,1,9000.0,2
asesoría,4,19300.0,1
asesro,1,9000.0,2
asignación,2,15600.0,3
asignada,5,11000.0,2
asignadas,5,14807.8,3
asignados,11,13777.0,3
asignaturas,1,9000.0,2
asigne,1,14000.0,3
asimismo,5,14185.0,3
asistencia,14,11286.6,2
asistente,5,9907.5,2
asistir,2,19300.0,1
asociados,3,14000.0,3
asociados/as,3,14000.0,3
aspectos,1,13000.0,3
asumir,1,10000.0,2
asunto,2,16185.0,3
asuntos,7,10000.0,2
atencion,2,10000.0,2
atención,58,14231.052631578947,3
atender,17,13630.333333333334,3
atenderás,3,14000.0,3
atiende,1,16000.0,3
atizapan,2,15000.0,3
atracción,7,11615.0,2
atractivas,3,14666.666666666666,3
atractivo,7,14592.5,3
atómica,3,14019.5,3
audiovisual,2,18000.0,1
audiovisuales,1,18000.0,1
auditar,5,13600.0,3
auditor,2,16000.0,3
auditores,2,15000.0,3
auditoria,2,20000.0,1
auditorias,14,13470.0,3
auditoriasseguimiento,1,12000.0,2
auditoría,3,12100.0,2
auditorías,50,15322.923076923076,3
aumenta,1,10000.0,2
aumentando,1,8000.0,2
aumento,1,17000.0,1
aumentos,2,15999.0,3
autoclave,1,11000.0,2
autoclaves,1,15800.0,3
automatización,1,12200.0,3
automatizados,22,13978.333333333334,3
automotrices,1,10000.0,2
automotriz,1,18000.0,1
automóvil,8,12950.0,3
autoridades,7,14660.0,3
autorizados,1,20000.0,1
autorizar,1,8600.0,2
autónoma,1,7000.0,2
auxilar,1,14500.0,3
auxiliar,15,11812.09090909091,2
auxiliares,2,14499.5,3
auxilios,2,15000.0,3
avances,2,13500.0,3
avanzadas,1,18600.0,1
avanzado,6,18000.0,1
avanzadoproactividad,1,18000.0,1
avanzados,3,13666.666666666666,3
avanzamos,1,18600.0,1
avanzar,1,6276.0,2
avenida,3,12000.0,2
aventura,1,14200.0,3
avisar,3,8800.0,2
ayudar,1,8600.0,2
ayudará,3,10000.0,2
ayuden,3,15000.0,3
azcapotzalco,1,15000.0,3
azteca,1,12200.0,3
añoscontar,1,9900.0,2
añosdisponibilidad,2,12000.0,2
añosestudios,1,10000.0,2
añosofrecemos,1,9900.0,2
bachillerato,4,7120.0,2
backorders,1,21000.0,1
bacteriológico,1,13000.0,3
bacteriólogo,32,12289.083333333334,3
bagvision,2,15000.0,3
balance,1,18600.0,1
balances,1,20000.0,1
balanzas,6,14187.8,3
baropodometría,1,13000.0,3
barraza,2,9000.0,2
barrer,1,13000.0,3
basada,2,16800.0,1
basadas,4,16296.0,3
basados,3,14000.0,3
basura,1,13000.0,3
basándonos,3,14000.0,3
basándose,1,20000.0,1
becario,4,9615.0,2
becario/a,2,8364.0,2
beneficio,3,13154.666666666666,3
beneficios,39,13406.681818181818,3
benito,2,15500.0,3
bibliografías,3,17039.0,1
bibliográfica,1,20000.0,1
biblioteca,1,10000.0,2
bienes,1,10000.0,2
bienestar,8,15585.57142857143,3
bienvenida,1,16000.0,3
biocarga,1,15800.0,3
biogénica,1,9500.0,2
bioindicadores,1,15800.0,3
bioingeniería,1,20000.0,1
biologo,10,12716.666666666666,3
biologos,1,15000.0,3
biología,11,12562.5,3
biologíaingeniería,2,12000.0,2
biológicas,13,14473.0,3
biológico,2,11000.0,2
biológico/químico,12,14000.0,3
biológicos,10,14833.333333333334,3
biomédica,4,7033.333333333333,2
biomédico,4,10700.0,2
bioprocesos,3,6050.0,2
bioquímica,44,12174.916666666666,3
bioquímico,13,11371.0,2
bioseguridad,3,10500.0,2
biotecnología,6,13633.333333333334,3
biotecnológica,3,6050.0,2
biotecnológicos,2,20000.0,1
biotecnólogo,14,11648.777777777777,2
bitácora,1,8000.0,2
bitácoras,14,12810.666666666666,3
bióloga,2,9000.0,2
biólogo,155,13533.521739130434,3
biólogo/a,2,9000.0,2
biólogo/bioquímica,1,13000.0,3
biólogoexperiencia,4,13333.333333333334,3
biólogos,1,18000.0,1
blanca,1,15000.0,3
bloqueo,1,21000.0,1
bodega,1,20000.0,1
bolsas,2,11000.0,2
bolseadoras,1,11000.0,2
bombas,3,16000.0,3
bonita,1,8364.0,2
botánica,1,15000.0,3
brinda,1,12000.0,2
brindamos,3,14832.666666666666,3
brindando,3,12666.666666666666,3
brindar,17,13593.2,3
brindarle,5,14185.0,3
brindarles,3,17944.0,1
brindará,1,13500.0,3
bromatológico,1,13000.0,3
bromatológicos,1,20000.0,1
bromatólogo,3,6050.0,2
brusquedad,1,14000.0,3
brutos,35,13999.142857142857,3
brutosprestaciones,6,16750.0,1
brutosvales,1,14000.0,3
buenavista,1,10900.0,2
buscamos,38,13059.692307692309,3
buscando,24,13145.454545454546,3
buscar,1,9000.0,2
busqueda,7,9780.0,2
básica,2,13500.0,3
básicas,2,14300.0,3
básico,8,12550.0,3
básicos,7,13038.333333333334,3
búsqueda,33,12917.70588235294,3
cacheo,2,9198.0,2
cadena,5,14966.666666666666,3
caducado,1,15000.0,3
caducados,1,8600.0,2
caducar,1,8600.0,2
caducidad,4,12825.0,3
calendario,3,13250.0,3
calibraciones,1,11500.0,2
calibración,6,16220.0,3
calibrado,1,18400.0,1
calibrador,1,11000.0,2
calidad,255,14446.631578947368,3
calidad1,2,12000.0,2
calidad3,2,12000.0,2
calidaduso,1,11000.0,2
calidez,3,12000.0,2
calificación,18,13700.0,3
calificado,2,13000.0,3
calificar,1,12200.0,3
california,1,14000.0,3
cambiar,1,11000.0,2
cambio,12,14483.0,3
cambios,10,15269.42857142857,3
camionera,1,14000.0,3
camiones,1,10000.0,2
camionetas,2,9200.0,2
campana,1,11000.0,2
campañas,1,9230.0,2
campeche,1,11000.0,2
campus,1,10000.0,2
canalización,1,19000.0,1
cancelación,1,14000.0,3
cancun,3,11500.0,2
cancún,2,11685.0,2
candidata,3,14000.0,3
candidatas,2,8400.0,2
candidato,5,14166.666666666666,3
candidatos,6,12800.0,3
candidatura,1,6276.0,2
cantidad,3,11800.0,2
cantidades,1,8600.0,2
capaactualización,2,20000.0,1
capaces,2,12000.0,2
capacidad,43,12621.29411764706,3
capacitacion,2,9749.0,2
capacitaciones,9,12700.0,3
capacitación,53,12864.95652173913,3
capacitado,2,13500.0,3
capacitamos,1,14200.0,3
capacitar,6,14919.6,3
capacitarte,1,11000.0,2
capa´s,2,13000.0,3
capital,1,15000.0,3
capitanes,1,9000.0,2
captura,9,11972.0,2
capturar,2,10000.0,2
capturista,1,9260.0,2
caracteriza,1,10000.0,2
caracterizar,1,18400.0,1
característica,3,14500.0,3
características,6,13160.0,3
carbón,1,12000.0,2
cardenas,1,13000.0,3
cargas,2,20000.0,1
carmen,2,12000.0,2
carpio,2,13000.0,3
carrera,43,12628.57142857143,3
carreras,12,15131.4,3
carretera,1,10370.0,2
cartas,3,11600.0,2
cartera,5,14866.666666666666,3
cartón,1,18000.0,1
casoofrecemos,1,10000.0,2
catadocapacidad,1,20000.0,1
catorcenal,3,10682.0,2
catálogo,1,8000.0,2
causadas,1,17000.0,1
causal,1,9000.0,2
causas,1,16000.0,3
cebado,1,11500.0,2
cedis¿qué,2,20000.0,1
cedula,30,14696.0,3
celaya,3,14550.0,3
celular,3,20500.0,1
ceniza,1,20000.0,1
centenario,1,13000.0,3
center,1,18600.0,1
centra,2,13000.0,3
central,3,13500.0,3
centro,11,12371.25,3
centroamérica,6,14000.0,3
centros,6,15150.0,3
cercanas,2,9200.0,2
cercano,2,16800.0,1
cercanos,1,13500.0,3
cercanía,1,15000.0,3
cerrado,1,11000.0,2
cerrar,1,8000.0,2
cerritos,1,14100.0,3
certificaciones,1,20000.0,1
certificación,3,10500.0,2
certificados,16,13066.4,3
chapeo,1,15000.0,3
charlotte,1,21000.0,1
chemical,1,21000.0,1
chofer,2,11000.0,2
ciencia,1,12000.0,2
ciencias,23,14346.25,3
cienega,1,14000.0,3
ciento,1,15600.0,3
científica,2,13500.0,3
científicas,1,12200.0,3
científicos,1,18000.0,1
cierre,6,13520.0,3
cincuenta,1,15600.0,3
cirujano,3,10000.0,2
citados,1,16000.0,3
citológicas,1,16000.0,3
ciudad,8,14482.142857142857,3
ciudades,3,15000.0,3
clases,22,8883.333333333334,2
clasificación,3,10200.0,2
clasificadas,1,19000.0,1
claves,1,10000.0,2
cliente,45,13737.538461538461,3
cliente/producto,1,10000.0,2
climáticas,1,20000.0,1
clinica,1,16275.0,3
clinico,4,13750.0,3
clìnicas,1,16000.0,3
clìnicos,1,16000.0,3
clínica,80,12305.384615384615,3
clínica/,1,13000.0,3
clínicaimplementar,1,15000.0,3
clínicas,8,15285.57142857143,3
clínico,104,13186.277777777777,3
clínico/biología,12,14000.0,3
clínicos,30,12297.416666666666,3
coacalco,3,6050.0,2
coachin,1,10370.0,2
coaching,1,20000.0,1
coagulación,1,13500.0,3
cobranza,5,19800.0,1
cofepris,28,14979.8,3
cofeprisexperiencia,2,20000.0,1
cofeprismanejos,1,11500.0,2
cofrepis,1,14200.0,3
coincida,2,13000.0,3
colaboración,8,12105.0,3
colaboración;,3,17944.0,1
colaborador,21,14523.0,3
colaboradores,9,14239.8,3
colaboradores/as,2,8400.0,2
colaborar,9,10839.42857142857,2
colaborativa,1,17000.0,1
colaborativo,13,11983.0,2
colchas,1,9000.0,2
colegas,1,18600.0,1
colegios,1,10000.0,2
collections,1,18600.0,1
colocación,1,8000.0,2
colocando,3,14685.0,3
colocar,1,21000.0,1
colombia,1,13000.0,3
colona,1,14000.0,3
colonia,2,12000.0,2
colorimetría,1,10500.0,2
colorimétricas,1,12000.0,2
combate,2,12000.0,2
combustible,1,15600.0,3
combustibles,2,10000.0,2
comedor,19,14619.916666666666,3
comedoruniformes,1,15000.0,3
comercial,5,11750.0,2
comerciales,5,16050.0,3
comercialización,5,15600.0,3
comercializadora,2,14000.0,3
comercializamos,1,18000.0,1
comercio,1,20000.0,1
comida,11,11000.0,2
comienza,1,14200.0,3
comisiones,3,15666.666666666666,3
comisión,4,9200.0,2
comonfort,1,14100.0,3
comoquimico,1,16000.0,3
compañía,6,13000.0,3
compañías,2,15000.0,3
compensaciones,1,12000.0,2
compensación,3,10285.0,2
competencia,1,10000.0,2
competencias,17,14870.777777777777,3
competenciasatención,1,17000.0,1
competentes,3,13966.666666666666,3
competitiva,3,17944.0,1
competitivo,30,13325.714285714286,3
competitivocomisiones,2,12000.0,2
competitivos,1,7000.0,2
complementarios,14,15000.0,3
completa,1,16000.0,3
completen,1,20000.0,1
completo,30,13838.666666666666,3
completos,1,11500.0,2
componentes,2,12500.0,3
comportamiento,1,18400.0,1
compra,10,13000.0,3
compranetexperiencia,2,15000.0,3
compras,4,11288.0,2
compras/ventas,1,22000.0,1
comprender,1,8600.0,2
comprendida,1,15000.0,3
comprobable,16,12550.0,3
comprobables,2,17500.0,1
comprobar,2,13750.0,3
comprometemos,3,14000.0,3
comprometida,12,12560.5,3
comprometidas,1,16000.0,3
comprometido,7,9375.2,2
comprometidos,10,13380.0,3
compromiso,21,12333.333333333334,3
computación,2,9685.0,2
computarizados,1,19000.0,1
computo,2,16750.0,1
comunes,1,9000.0,2
comunicación,32,14542.764705882353,3
comunicar,2,15000.0,3
comunicarlos,1,17000.0,1
comunicarse,2,10000.0,2
comunicativa,1,8600.0,2
comunidad,5,10150.0,2
conceptos,1,9000.0,2
concertar,1,18000.0,1
conchello,1,16370.0,3
concientización,1,18000.0,1
conciertos,1,10000.0,2
conciliación,2,20000.0,1
concluida,15,13888.666666666666,3
concluido,3,12130.0,3
concluir,1,12500.0,3
concretar,3,17400.0,1
concursos,1,10000.0,2
condiciones,16,12926.8,3
condición,6,13100.0,3
conducir,4,15250.0,3
confiabilidad,3,14000.0,3
confiable,1,20000.0,1
confiables,2,17719.5,1
confianza,6,14222.0,3
confidencialidad,1,17000.0,1
configuraciones,1,18000.0,1
confirmar,3,14333.333333333334,3
conflictos,1,16000.0,3
conformación,1,10000.0,2
conformado,1,18000.0,1
conformarán,1,10000.0,2
conforme,19,15542.375,3
conformidad,2,17750.0,1
conformidades,2,12000.0,2
conocer,6,14250.0,3
conocerte,2,14500.0,3
conocimiento,104,13324.76,3
conocimientos,83,13881.17857142857,3
conozca,3,13300.0,3
consecutivos,3,12100.0,2
conservacion,1,10000.0,2
conservación,6,18000.0,1
conservaciónubicación,1,18000.0,1
considerado,2,13000.0,3
consiste,1,15000.0,3
consisten,1,8600.0,2
consistencia,1,13000.0,3
consolidación,2,15000.0,3
consolidada,2,11500.0,2
consolidado,2,13000.0,3
constancia,1,9000.0,2
constancias,4,7033.333333333333,2
constante,16,12436.363636363636,3
constantemente,2,10000.0,2
construcción,1,11000.0,2
construir,3,14500.0,3
consulmed,1,14200.0,3
consulta,1,18500.0,1
consultas,4,11833.333333333334,2
consultoría,2,8364.0,2
consultorías,1,15000.0,3
consumibles,3,14500.0,3
consumidores,3,20000.0,1
consumo,9,11840.75,2
contabilidad,1,15600.0,3
contactar,2,8364.0,2
contactará,1,13000.0,3
contacto,3,16133.333333333334,3
contado,2,12000.0,2
contaminación,5,9500.0,2
contamos,12,13347.25,3
contando,1,10370.0,2
contar,30,11121.285714285714,2
contemplando,1,9000.0,2
contenido,3,12743.333333333334,3
contenidos,1,19000.0,1
contigo,3,16133.333333333334,3
contingencia,6,14666.0,3
contingencias,2,14000.0,3
continua,24,14556.166666666666,3
continuación,1,22000.0,1
continuamente,1,20000.0,1
continuaproponer,1,17000.0,1
continuar,2,8364.0,2
continuas,3,10000.0,2
continuidad,1,19000.0,1
continuo,3,13833.333333333334,3
contrata,3,14000.0,3
contratación,25,12862.666666666666,3
contratado,1,22000.0,1
contratiempos,1,16000.0,3
contrato,32,13583.333333333334,3
contratos,2,15000.0,3
contribuir,10,10694.0,2
contribuirás,2,14907.0,3
contribuyan,1,18000.0,1
contribuye,4,12000.0,2
control,91,12927.615384615385,3
controla,2,16000.0,3
controladas,1,15800.0,3
controlado,1,17000.0,1
controlados,13,16340.0,3
controladosatender,1,11500.0,2
controladosnivel,2,20000.0,1
controlar,11,13624.75,3
controles,15,14542.857142857143,3
contáctanos,1,16000.0,3
convencimiento,2,14000.0,3
convenios,2,14300.0,3
conyugal,1,15000.0,3
conócenos,1,8600.0,2
coordinación,4,13743.333333333334,3
coordinador,7,15614.666666666666,3
coordinadora,1,9000.0,2
coordinar,25,16831.777777777777,1
coordinarse,1,17000.0,1
cordial,1,13000.0,3
corporativa,1,9230.0,2
corporativas,1,18000.0,1
corrección,1,13000.0,3
correcta,25,14957.142857142857,3
correctamente,3,12533.333333333334,3
correctas,1,16000.0,3
correctivas,7,16800.0,1
correctivo,1,12200.0,3
correctivos,2,14499.5,3
correcto,15,13411.111111111111,3
correlación,2,14499.5,3
correo,6,15866.8,3
correos,2,13000.0,3
correspondan,2,13850.0,3
correspondiente,10,13462.5,3
correspondientes,10,15185.714285714286,3
corroborar,1,16000.0,3
cortines,1,15000.0,3
cosmetics,2,6276.0,2
cosmética,1,11000.0,2
cosméticos,3,15500.0,3
costeo,1,20000.0,1
cotejo,1,10000.0,2
cotizaciones,8,12250.0,3
coyoacan,1,13500.0,3
creación,8,13788.333333333334,3
creadascomunicación,1,20000.0,1
creamos,3,17944.0,1
creando,1,18600.0,1
crear/mantener,1,10000.0,2
crearles,1,14200.0,3
creativa,3,11615.0,2
creatividad,1,18000.0,1
creativo,3,11000.0,2
crecer,4,11000.0,2
creciendo,1,20000.0,1
crecimiento,60,12710.173913043478,3
credibilidad,2,8400.0,2
creemos,1,16000.0,3
criterios,5,11999.75,2
cromatografía,5,13000.0,3
cromatográficos,1,15000.0,3
cromatógrafo,1,11000.0,2
cronogramas,1,19000.0,1
crossfit,1,15000.0,3
crédito,3,15500.0,3
créditos,1,18600.0,1
crítico,1,19000.0,1
críticos,4,14000.0,3
críticosactividades,1,14000.0,3
crónico,2,20000.0,1
cualificaciones,2,13000.0,3
cualificados,1,16000.0,3
cualitativa,1,20000.0,1
cualquier,26,15333.333333333334,3
cuando,9,12423.0,3
cuantitativa,1,20000.0,1
cuanto,1,10000.0,2
cuarentenas,1,15000.0,3
cuarto,1,18600.0,1
cuauhtémoc,1,20000.0,1
cuautitlán,4,14182.0,3
cubiertos,1,20000.0,1
cubren,1,9000.0,2
cubres,2,14000.0,3
cubreturnos,1,8300.0,2
cubrir,3,10621.333333333334,2
cuenta,2,8682.0,2
cuentan,1,18600.0,1
cuentas,1,21000.0,1
cuente,7,14666.5,3
cuenten,4,14333.333333333334,3
cuidado,3,12200.0,3
cuidados,1,12600.0,3
cuidado”,1,18600.0,1
cuidar,2,15800.0,3
culiacán,1,18600.0,1
cultivo,3,14400.0,3
cultivomanejo,1,11000.0,2
cultivos,3,12190.0,3
cultura,17,14765.333333333334,3
cumpla,14,13960.0,3
cumplan,10,14266.666666666666,3
cumple,3,10000.0,2
cumpleaños,3,10285.0,2
cumples,14,14000.0,3
cumplido,4,9200.0,2
cumpliendo,10,15209.75,3
cumplimiento,87,14423.714285714286,3
cumplimos,1,16000.0,3
cumplir,25,15014.166666666666,3
cuponera,1,13500.0,3
curación,1,9000.0,2
curricular,1,14200.0,3
curriculum,2,16800.0,1
currículum,2,12750.0,3
cursando,2,10000.0,2
cursos,4,12766.0,3
custodia,1,22000.0,1
customer,1,18600.0,1
cálida,5,14185.0,3
cámaras,1,20000.0,1
cánulas,1,8600.0,2
cédula,47,13312.136363636364,3
cédulaexperiencia,2,20000.0,1
cédulamin,1,15000.0,3
datacolor,1,10500.0,2
day´sestabilidad,2,12000.0,2
deberás,4,13500.0,3
debidamente,1,18400.0,1
debido,7,11350.0,2
decembrinas,2,8364.0,2
decisiones,8,13299.6,3
dedicación,3,14000.0,3
dedicada,8,13533.5,3
dedicado,1,13000.0,3
dedicamos,2,16500.0,3
dedicar,1,6276.0,2
defectos,2,10000.0,2
defensa,2,15000.0,3
deficiencias,2,10000.0,2
definen,2,16400.0,3
definir,1,18400.0,1
defunción,1,20000.0,1
degenerativas,2,20000.0,1
delfines,1,12600.0,3
demanda,1,11500.0,2
demora,1,21000.0,1
demostraciones,1,18000.0,1
demostrada,1,16000.0,3
demostrar,3,15600.0,3
densidad,1,11000.0,2
densitometrías,1,10000.0,2
dental,5,14400.0,3
dentista,1,10000.0,2
dentro,32,13135.384615384615,3
departamentales,1,10000.0,2
departamento,3,9500.0,2
departamentos,2,16000.0,3
deporte,5,12192.5,3
deportiva,2,7638.0,2
deportivo,4,9256.666666666666,2
deportivos,6,13333.333333333334,3
depósito,3,19000.0,1
depósitos,2,20000.0,1
derecha,1,10370.0,2
derecho,1,18600.0,1
derechos,1,18600.0,1
derivadas,1,15000.0,3
derivado,1,14000.0,3
dermatologia¡somos,1,8600.0,2
derrames,1,13000.0,3
desabasto,1,17039.0,1
desafiante,3,14000.0,3
desafiará,3,17944.0,1
desafío,1,13500.0,3
desafíos,1,12000.0,2
desarroll,2,10000.0,2
desarrollamos,1,14200.0,3
desarrollar,13,15548.8,3
desarrollarse,2,11000.0,2
desarrollarte,2,11000.0,2
desarrolllo,1,10000.0,2
desarrollo,74,12031.4,2
desarrollos,1,20000.0,1
descansa,2,12000.0,2
descansar,2,8364.0,2
descanso,15,14064.90909090909,3
descansos,2,8400.0,2
descarga,1,15000.0,3
descendientes,1,15000.0,3
descripciónsobre,2,15000.0,3
descripciónsomos,1,14000.0,3
descriptiva,1,20000.0,1
descritas,2,17500.0,1
descritos,1,15000.0,3
descuento,9,14578.333333333334,3
descuentos,30,12140.5,3
deseable,23,13954.454545454546,3
deseables,1,15000.0,3
deseada,2,15300.0,3
deseamos,1,16000.0,3
deseas,2,8364.0,2
desecho,2,13550.0,3
desempeñar,1,18000.0,1
desempeñarse,1,20000.0,1
desempeño,12,15899.714285714286,3
deseos,1,14400.0,3
desgaste,1,22000.0,1
designadas,1,13000.0,3
desinfección,2,15000.0,3
desionizada,1,11000.0,2
desmineralizada,1,11000.0,2
desornitación,1,11500.0,2
despacho,2,16750.0,1
despensa,66,13565.035714285714,3
despensaayuda,1,11000.0,2
despensacomedor,2,13000.0,3
despensauniformehorario,1,11000.0,2
despido,1,9000.0,2
desplazarse,2,13000.0,3
después,5,15600.0,3
destacada,1,18998.0,1
destacamos,2,13250.0,3
destacan,1,18000.0,1
destinada,1,13500.0,3
destreza,1,18000.0,1
destruccion,2,13000.0,3
desviaciones,13,17298.0,1
desviación,1,16000.0,3
desvío,1,19000.0,1
detallado,3,10000.0,2
detalle,8,14051.6,3
detección,3,11682.0,2
detecta,1,16000.0,3
detectadas,1,18000.0,1
detectados,3,14000.0,3
detectando,1,16000.0,3
detectar,5,16250.0,3
detergentes,1,22000.0,1
determinar,2,11000.0,2
devoluciones,3,13000.0,3
diabetes,2,12000.0,2
diagnostica,1,13500.0,3
diagnostica/,12,14000.0,3
diagnosticando,1,13000.0,3
diagnóstica,3,14000.0,3
diagnóstico,5,12400.0,3
diaria,4,15866.333333333334,3
diariamente,5,17700.0,1
diarias,4,9491.333333333334,2
diario,2,14300.0,3
diarios,1,17000.0,1
dictaminar,3,12333.333333333334,3
dietas,1,12600.0,3
diferencia,2,19800.0,1
diferencias,1,16000.0,3
diferente,2,16800.0,1
diferentes,23,12642.857142857143,3
diferido,1,15000.0,3
difundirlo,1,14000.0,3
difusión,1,18000.0,1
difíciles,1,13000.0,3
digital,2,9230.0,2
digitales,3,13115.0,3
digitalización,1,10000.0,2
dignidad,1,18600.0,1
diluciones,2,13000.0,3
dimensional,1,17039.0,1
dinamismo,2,8400.0,2
dinamismo¿qué,1,18000.0,1
dinamizaciones,1,13000.0,3
dinámica,2,14000.0,3
dinámico,13,11773.0,2
direccion,1,10000.0,2
dirección,3,18123.333333333332,1
directa,20,13470.533333333333,3
directamente,3,10138.0,2
directas,2,21888.0,1
directo,6,14352.4,3
directos,13,14462.8,3
dirigir,1,15000.0,3
discapacidad,6,15000.0,3
discapacidades,3,12200.0,3
disciplina,5,10121.333333333334,2
discreción,2,13000.0,3
discriminación,8,15200.0,3
discriminamos,5,11200.0,2
diseño,10,14446.0,3
disfrutar,3,15800.0,3
disminuir,1,18600.0,1
disoluciones,6,9500.0,2
disoluto,1,17039.0,1
disolutor,2,15500.0,3
disolventes,2,20000.0,1
dispensación,3,11682.0,2
disponibildiad,1,17000.0,1
disponibilidad,82,12700.5625,3
disponibilidades,1,18000.0,1
disponible,2,15500.0,3
disponibles,5,12400.0,3
disposiciones,5,15566.666666666666,3
disposición,7,11800.0,2
dispositivos,13,15977.6,3
dispuestas,1,10000.0,2
dispuesto,2,11400.0,2
distingue,2,18799.0,1
distinguimos,3,11000.0,2
distintos,1,18600.0,1
distribución,52,15899.875,3
distribuciónasegurar,1,17000.0,1
distribuicion,1,15000.0,3
distribuidora,3,15566.0,3
distribuidores,1,19000.0,1
distribuidos,1,19000.0,1
distribuir,1,12000.0,2
diurno,2,13000.0,3
diversas,7,12050.0,2
diversidad,7,16222.0,3
diverso,1,14200.0,3
diversos,4,14366.666666666666,3
divertido,2,8400.0,2
divisas,1,10000.0,2
division,1,13500.0,3
división,1,16000.0,3
divulgación,2,18000.0,1
doblado,1,14100.0,3
doblando,1,10370.0,2
docencia,1,22000.0,1
docente,20,8052.857142857143,2
docentes,8,11180.0,2
doctorado,1,15000.0,3
documentación,44,12858.809523809523,3
documentaciónresponsabilidades,1,11000.0,2
documentacióntiempos,1,15000.0,3
documentada,2,12000.0,2
documental,8,15950.0,3
documentalbuenas,1,11000.0,2
documentales,2,18000.0,1
documentalexperiencia,1,14000.0,3
documentar,5,13000.0,3
documentarlo,1,14000.0,3
documento,2,9200.0,2
documentos,45,14056.42857142857,3
documentosemitir,1,17000.0,1
dolores,1,14100.0,3
domiciliarias,1,18600.0,1
domicilio,5,14600.0,3
domicilios,2,18600.0,1
dominar,1,22000.0,1
domingo,14,11708.0,2
domingos,2,13000.0,3
dominio,25,14287.0,3
domésticos,1,12000.0,2
donantes,2,14400.0,3
dossier,2,10000.0,2
drogas,1,18998.0,1
durante,16,13787.5,3
díahorario,2,13000.0,3
díasbono,1,15000.0,3
díavales,2,12000.0,2
ecatepec,2,13000.0,3
ecoguardas,1,9000.0,2
ecología,1,18000.0,1
económica,4,13133.333333333334,3
económicas,1,17000.0,1
económico,1,18600.0,1
ecosistemas,1,18000.0,1
edición,2,18000.0,1
edificio,3,15000.0,3
edomex,5,14076.666666666666,3
educacion,1,10370.0,2
educaciòn,1,10370.0,2
educación,28,11442.727272727272,2
educativa,7,11180.0,2
educativo,1,10370.0,2
educativo/a,2,8400.0,2
efectiva,11,13714.0,3
efectivas,3,18400.0,1
efectividad,2,18000.0,1
efectivo,4,15000.0,3
efectuar,1,20000.0,1
eficacia,1,15000.0,3
eficaz,2,16500.0,3
eficazmente,2,10000.0,2
eficiencia,13,14040.57142857143,3
eficiente,10,13928.57142857143,3
egresado,6,12440.0,3
egresados,8,12546.0,3
ejecución,11,14800.0,3
ejecutar,14,15257.142857142857,3
ejecutarlas,1,15000.0,3
ejecutivo,1,18600.0,1
ejecutivos,2,13000.0,3
ejemplo,3,10500.0,2
ejercicio,1,7000.0,2
ejercicios,1,13000.0,3
elabora,1,15800.0,3
elaboración,43,12511.875,3
elaborar,22,13164.5,3
elabore,1,9000.0,2
elección,1,14200.0,3
electricidad,2,15000.0,3
electrocardiogramas,1,9570.0,2
electrónica,2,12000.0,2
electrónico,4,17542.5,1
electrónicos,2,13100.0,3
elegir,2,14150.0,3
elektra,1,10000.0,2
eliminar,1,20000.0,1
embarazo,15,12252.888888888889,3
emblistado,1,10900.0,2
embotellado,1,11000.0,2
emergencia,3,10533.333333333334,2
emergencias,1,15000.0,3
emisión,7,15240.0,3
emitidos,3,14000.0,3
emitir,4,15009.75,3
emocionante,2,9888.0,2
emociones,2,8400.0,2
empaque,2,14450.0,3
empatía,3,13500.0,3
empleabilidad,1,22000.0,1
empleado,1,17039.0,1
empleados,10,13726.857142857143,3
empleando,4,12500.0,3
empleo,14,11486.222222222223,2
empleo<,1,22000.0,1
emprendedora,2,11000.0,2
empresaauditorias,1,11500.0,2
empresaempresa,1,10000.0,2
empresaen,1,12000.0,2
empresaexperiencia,1,20000.0,1
empresafuminova,1,13000.0,3
empresarial,5,12533.333333333334,3
empresas,7,15114.285714285714,3
empresasomos,2,11250.0,2
empresatiempo,1,10000.0,2
empresatorre,2,8364.0,2
empresaubicación,1,15000.0,3
empático,1,12600.0,3
encargado,7,13266.666666666666,3
encargarás,6,14100.0,3
encargue,2,8364.0,2
encendido,1,16000.0,3
encomendadas,1,9000.0,2
encontramos,15,13991.75,3
encontrarás,6,17944.0,1
encuentra,18,11605.833333333334,2
encuentran,4,20000.0,1
encuentras,4,14933.333333333334,3
encuentre,5,11716.0,2
encuentren,7,11834.0,2
energía,1,20000.0,1
enfermedad,3,14000.0,3
enfermedades,6,17000.0,1
enfermera,2,9000.0,2
enfermero,1,20000.0,1
enfermería,8,12586.8,3
enfermeríarevisar,1,15000.0,3
enfocada,4,12682.0,3
enfocadas,2,12000.0,2
enfocados,1,14200.0,3
enfoque,19,13576.272727272728,3
enfriadorprestaciones,1,11500.0,2
engagement,1,18600.0,1
enlace,1,8600.0,2
enlaces,1,9000.0,2
enorgullece,1,20000.0,1
enriquecedor,1,18998.0,1
enriquecen,1,16000.0,3
enriquecimiento,1,12600.0,3
enseres,1,18998.0,1
enseñanza,8,10078.333333333334,2
entendimiento,1,10000.0,2
entidades,2,15000.0,3
entonces,1,13000.0,3
entorno,6,12750.0,3
entrada,1,8600.0,2
entradas,1,11000.0,2
entrega,21,13240.444444444445,3
entregada,3,14000.0,3
entregando,1,16000.0,3
entregar,15,11094.0,2
entregas,2,15600.0,3
entregue,1,16000.0,3
entrenador,1,10370.0,2
entrenador/a,2,9000.0,2
entrenamiento,4,12000.0,2
entrenamientos,1,9000.0,2
entretenimiento,1,10000.0,2
entrevista,7,14632.5,3
entrevistas,1,9230.0,2
entusiasma,1,9000.0,2
entusiasmo,1,15000.0,3
entusiastas,2,12000.0,2
enunciativas,1,22000.0,1
envasar,1,13000.0,3
envase,1,10000.0,2
enviando,1,16000.0,3
enviar,18,12704.615384615385,3
envíanos,4,16133.333333333334,3
equidad,2,15500.0,3
equilibrio,10,13000.0,3
equipada,2,14000.0,3
equipamiento,1,20000.0,1
equipo,165,13904.486486486487,3
equipos,76,14503.181818181818,3
equivalente,2,17500.0,1
errores,5,14000.0,3
escandón,1,12500.0,3
escaneado,1,10000.0,2
escanear,1,10000.0,2
escolares,3,13300.0,3
escolaridad,88,13523.897435897436,3
escolaridades,2,14499.5,3
escondido,2,14400.0,3
escrita,3,11200.0,2
escrito,3,9599.0,2
escritura,1,20000.0,1
escuchada,1,16000.0,3
escuchar,1,13000.0,3
escuela,4,16800.0,1
escuelas,1,10000.0,2
esencial,1,13500.0,3
esenciales,1,8600.0,2
esforzamos,1,18998.0,1
especiales,1,21000.0,1
especialidad,4,14466.666666666666,3
especialidades,3,17000.0,1
especialidadresponsabilidades,1,15000.0,3
especialista,6,15000.0,3
especialistas,5,12841.0,3
especialización,2,16000.0,3
especializada,2,11500.0,2
especializadas,2,11000.0,2
especializados,2,16500.0,3
especializamos,5,13333.333333333334,3
especializas,1,21000.0,1
especialmente,3,11000.0,2
especies,9,15300.0,3
especificaciones,16,14844.444444444445,3
especificación,3,14000.0,3
especificado,1,13000.0,3
especotrofotometría,1,20000.0,1
espectrofotómetro,5,13375.0,3
específicamente,1,18400.0,1
específicas,6,14100.0,3
específicos,1,11000.0,2
esperamos,2,19300.0,1
esquema,1,10000.0,2
esquemas,1,9000.0,2
estabilidad,19,13633.333333333334,3
estabilidades,2,15000.0,3
establecer,5,13540.0,3
establecida,2,14000.0,3
establecidas,10,13887.5,3
establecido,5,15499.75,3
establecidos,41,13076.923076923076,3
establecimientos,1,6100.0,2
establecimientos¡¡¡¡¡¡¡sé,2,6000.0,2
establezcamos,1,15000.0,3
estacion,1,8400.0,2
estacionamiento,8,14342.857142857143,3
estación,1,13500.0,3
estadio,1,12200.0,3
estado,21,14696.923076923076,3
estados,4,15296.0,3
estadística,2,18000.0,1
estadísticas,1,9000.0,2
estadístico,6,11333.333333333334,2
estamos,39,13321.4,3
estandarizados,3,17944.0,1
estanque,1,12600.0,3
estará,4,17666.666666666668,1
estatus,4,14975.0,3
esterilidad,5,15400.0,3
estimulando,1,7000.0,2
estipulados,3,10500.0,2
estrategias,8,11319.0,2
estratégico,7,16000.0,3
estratégicos,1,13000.0,3
estrecha,1,16000.0,3
estrella,1,9000.0,2
estrellas,1,22000.0,1
estrictamente,1,15000.0,3
estudiando,2,8364.0,2
estudiante,3,8138.0,2
estudiantes,13,9370.0,2
estudio,11,13430.0,3
estudios,60,13475.473684210527,3
estupefacientes,1,19000.0,1
estándar,5,11400.0,2
estándares,24,15250.0,3
etapas,9,12820.0,3
etiqueta,1,21000.0,1
etiquetado,10,14531.333333333334,3
etiquetar,1,13000.0,3
etiquetas,1,11500.0,2
evaluaciones,6,15333.333333333334,3
evaluación,15,12911.111111111111,3
evaluando,1,11000.0,2
evaluar,4,17000.0,1
eventos,8,14600.0,3
eventualidad,1,20000.0,1
evidencia,4,13700.0,3
evidencias,1,10000.0,2
evidencie,3,15900.0,3
evitando,1,18600.0,1
evitar,6,14339.833333333334,3
evolución,1,18500.0,1
exacta,1,20000.0,1
exactitud,3,10000.0,2
examen,1,10000.0,2
excelencia,20,13011.09090909091,3
excelente,17,13966.4,3
excell,1,8400.0,2
excepcional,1,15000.0,3
excepcionales,2,13500.0,3
exceptuando,6,14100.0,3
exhibición,1,8600.0,2
exhibidores,1,18000.0,1
existan,1,11000.0,2
existencias,1,11500.0,2
existentes,3,10000.0,2
exitosa,1,18000.0,1
expansión,7,15125.0,3
expectativas,3,13600.0,3
expediente,2,14100.0,3
expedientes,9,11538.0,2
expedir,1,18500.0,1
experienciacontar,1,15000.0,3
experienciaprestaciones,1,14000.0,3
experimentos,1,20000.0,1
expresión,4,15000.0,3
extendido,2,14907.0,3
extendidos,2,14000.0,3
extensión,2,20000.0,1
externa,2,9200.0,2
externas,22,15049.8,3
externascosteo,1,20000.0,1
externasseguimiento,1,12000.0,2
externassupervisión,1,11500.0,2
externo,4,15500.0,3
externos,7,11440.0,2
extracción,1,12500.0,3
extracto,1,20000.0,1
extractos,1,13000.0,3
extrajudicial,1,18600.0,1
extras,2,14000.0,3
extrusión,1,11000.0,2
exámenes,3,15500.0,3
fabricación,21,15090.0,3
fabricados,1,11000.0,2
fabricante,3,15000.0,3
facilidad,12,14450.0,3
facilidades,1,20000.0,1
facilitador,2,12000.0,2
facilitar,1,6276.0,2
faciliten,2,12000.0,2
factor,3,14000.0,3
factores,1,8600.0,2
factura,1,8000.0,2
facturación,6,11200.0,2
facturar,2,17250.0,1
facturas,5,10733.333333333334,2
facultativo,2,10000.0,2
fallas,3,14466.666666666666,3
faltantes,1,16000.0,3
faltas,1,9000.0,2
familia,20,14316.727272727272,3
familiar,3,13500.0,3
familiares,17,13452.333333333334,3
familiaridad,2,17000.0,1
farmaceutica,3,15500.0,3
farmaceutico,5,13066.666666666666,3
farmacia,37,13730.333333333334,3
farmacia/,1,8600.0,2
farmacias,18,14434.0,3
farmaco,4,15100.0,3
farmacobiologo,1,16370.0,3
farmacobiológico,2,14907.0,3
farmacobiotecnólogo,1,17039.0,1
farmacobiólogo,19,11469.916666666666,2
farmacología,3,10000.0,2
farmacopea,4,15296.0,3
farmacopeas,8,15291.285714285714,3
farmacovigilancia,11,13091.0,3
farmacéutica,45,13787.411764705883,3
farmacéuticas,3,11500.0,2
farmacéutico,156,13140.307692307691,3
farmacéuticos,20,12750.0,3
faunas,2,15000.0,3
febriles,1,13500.0,3
fechas,3,14233.333333333334,3
feestá,1,10000.0,2
femenino,1,15600.0,3
festivos,3,10899.0,2
fhoeum,1,13000.0,3
fichas,7,11000.0,2
fidelidad,1,9000.0,2
fijado,1,11000.0,2
filiación,2,8400.0,2
filtros,2,12300.0,3
fimpes,1,22000.0,1
finales,3,14900.0,3
finalesgestionar,1,20000.0,1
finalidad,1,16000.0,3
financiera,2,18600.0,1
financieras,1,18600.0,1
financiero,1,18600.0,1
financieros,1,10000.0,2
firmadas,1,9000.0,2
firmemente,2,13000.0,3
fiscal,1,9000.0,2
fischer,1,20000.0,1
fisica,5,9385.0,2
fisico,2,10370.0,2
fisicoquimicos,1,17039.0,1
fisicoquímicos,16,13600.375,3
fisicoquímicoscontrol,1,11000.0,2
fisiotepeuta,1,13000.0,3
fisioterapeuta,1,21000.0,1
fisioterapia,5,17266.666666666668,1
fitness,2,9000.0,2
fitosanitaria,1,15000.0,3
fitosanitarias,1,15000.0,3
fitotecnia,9,6050.0,2
fitotecnista,6,6050.0,2
flebotomista,1,10000.0,2
flebotomía,17,14250.0,3
flexibilidad,4,16466.666666666668,3
flexible,2,14000.0,3
flexibles,2,7800.0,2
flexografía,1,11000.0,2
flores,1,14000.0,3
foliado,2,12100.0,2
fomenta,2,16999.0,1
fomentando,2,15000.0,3
fomentar,1,7000.0,2
fonacot,16,12552.857142857143,3
forestal,8,9033.333333333334,2
forestales,2,15000.0,3
formación,14,14371.142857142857,3
formado,3,14000.0,3
formal,1,15000.0,3
formar,25,12033.846153846154,2
formato,1,14000.0,3
formatos,14,13628.57142857143,3
formen,5,15933.333333333334,3
formulaciones,1,20000.0,1
formulacionesllevar,1,20000.0,1
formulación,2,15000.0,3
formular,2,8364.0,2
formulas,2,16500.0,3
fortalecer,2,15500.0,3
fortalezas,3,17944.0,1
forzoso,1,9000.0,2
foráneas,1,16000.0,3
fotografía,3,13500.0,3
fotografías,3,14000.0,3
fracción,2,12000.0,2
francisco,1,14100.0,3
frascos,1,16000.0,3
frente,4,13585.0,3
frustración,5,15100.0,3
fscc2200,1,13000.0,3
fuentes,1,10000.0,2
fuertes,3,13000.0,3
fuller,2,6276.0,2
fumigaciones,2,13000.0,3
fumigacionesllevar,1,11500.0,2
funcional,1,15000.0,3
funcionalidad,3,12233.333333333334,3
funcionamiento,15,14954.545454545454,3
funciones,32,14726.157894736842,3
fundada,1,18000.0,1
fundamentada,1,13000.0,3
fundamental,4,8138.0,2
fundamentales,1,10000.0,2
fundamentos,2,11000.0,2
funerarios,1,10900.0,2
fungir,1,8600.0,2
furfural,1,20000.0,1
fármaco,18,14207.111111111111,3
física,37,12780.0,3
físicamente,2,13000.0,3
físicas,4,10399.333333333334,2
físico,6,14500.0,3
físicos,3,16076.666666666666,3
fórmulas,2,16500.0,3
garantizando,11,13228.285714285714,3
garantizar,56,14716.666666666666,3
gasolina,2,16500.0,3
gasometrías,1,10000.0,2
gastos,20,15667.75,3
gavito,1,18400.0,1
genera,3,17944.0,1
generación,6,10875.0,2
generada,1,16000.0,3
generados,2,14000.0,3
general,21,14372.727272727272,3
generales,9,14525.0,3
generar,5,13250.0,3
generen,2,13000.0,3
genéricos,1,10900.0,2
genéticas,2,8400.0,2
geográfica,2,11500.0,2
gerencia,1,8600.0,2
gerente,3,14000.0,3
gerentes;,1,18600.0,1
geriatría,1,21000.0,1
geriátricos,2,13000.0,3
gestion,3,19944.0,1
gestionar,13,14344.75,3
gestiones,1,12000.0,2
gestión,103,14312.962962962964,3
gimnasio,6,9000.0,2
gimnasios,2,12500.0,3
ginecológicas,1,9570.0,2
global,3,12400.0,3
gobierno,4,18444.0,1
gracias,5,12500.0,3
gradualmente,1,8000.0,2
grande,4,16662.666666666668,1
grandes,1,10000.0,2
granel,6,11225.0,2
gratificante,2,13000.0,3
gratuita,1,15500.0,3
gratuitas,1,13500.0,3
gratuito,9,11560.666666666666,2
gratuitos,10,14145.777777777777,3
grupal,1,9000.0,2
grupales,3,8700.0,2
grupos,9,9325.0,2
gráfico,2,18000.0,1
gráficos,2,9000.0,2
gtrimex,1,18400.0,1
guadalajara,4,14550.0,3
guanajuato,6,14100.0,3
guarderías,3,10500.0,2
guardia,3,12099.0,2
guardias,3,11682.0,2
gubernamentales,2,15000.0,3
gustaría,2,15500.0,3
gustavo,1,10000.0,2
gympass,1,18600.0,1
género,16,13280.0,3
habilidad,9,13745.0,3
habilidades,64,14166.166666666666,3
hacemos,3,18600.0,1
haciendo,1,11000.0,2
haciéndolo,1,16000.0,3
hallazgos,2,13000.0,3
harina,4,18400.0,1
harinas,1,18400.0,1
hematología,30,12487.0,3
hermosillo,1,13000.0,3
herramienta,4,12666.666666666666,3
herramientas,17,15152.9,3
hibrido,2,10000.0,2
hidalgo,2,17550.0,1
hidroniología,3,6050.0,2
higiene,6,12900.0,3
higienemanejo,1,15000.0,3
higiénico,1,20000.0,1
historia,3,15000.0,3
históricos,1,17000.0,1
homeopática,2,13000.0,3
honestas,2,12000.0,2
honestidad,2,16100.0,3
honorarios,3,18900.0,1
horaprestaciones,1,9900.0,2
horaria,3,6050.0,2
horario,96,14625.333333333334,3
horarios,16,10537.5,2
horassolo,1,9900.0,2
hospital,15,13129.111111111111,3
hospitalaria,1,8364.0,2
hospitalarias,1,20000.0,1
hospitales,6,14375.0,3
hplc´s,1,17039.0,1
hrsprestaciones,1,9000.0,2
humana,5,11919.0,2
humanidad,1,15000.0,3
humano,5,14000.0,3
humanos,12,8951.333333333334,2
humedad,4,15424.5,3
hábitats,2,15300.0,3
híbrido,1,10000.0,2
ideación,1,20000.0,1
identidad,6,12800.0,3
identificación,5,13475.0,3
identificación/etiquetado,1,10900.0,2
identificados,2,14000.0,3
identificando,3,11800.0,2
identificar,6,14000.0,3
identificas,1,21000.0,1
ideológicas,1,15000.0,3
idioma,8,12200.0,3
idiomas,1,10000.0,2
igualaciones,1,10500.0,2
igualación,3,10250.0,2
igualdad,8,14200.0,3
imagen,1,9230.0,2
imagendiseñar,1,18000.0,1
imaginas,3,14000.0,3
impacto,1,17000.0,1
impartición,1,9000.0,2
impartiendo,1,9000.0,2
impartimos,4,16800.0,1
impartir,10,9550.0,2
impecable,2,8400.0,2
implant,2,20000.0,1
implantación,1,13000.0,3
implementación,22,15750.0,3
implementado,2,15000.0,3
implementados,2,18000.0,1
implementando,3,11800.0,2
implementar,11,14142.857142857143,3
implica,3,14000.0,3
impliquen,1,17000.0,1
importante,30,12540.285714285714,3
importantes,4,14185.0,3
importar,1,16000.0,3
impresión,1,10000.0,2
impuestos,2,16750.0,1
impulsa,1,16000.0,3
impulsada,3,17944.0,1
impulsado,6,17944.0,1
impulsando,2,18000.0,1
impulsar,1,10000.0,2
impulsen,1,6276.0,2
incapacidad,1,13500.0,3
incentivos,1,22000.0,1
incidencia,2,11500.0,2
incidencias,6,13151.6,3
incidente,2,9000.0,2
incidentes,1,15000.0,3
incluirán,1,6276.0,2
inclusión,2,19000.0,1
incluye,3,11000.0,2
incluyen,1,10000.0,2
incluyendo,16,16266.666666666666,3
incluyente,4,13733.333333333334,3
inconformidades,1,21000.0,1
incorporar,3,14000.0,3
incorporarse,6,12500.0,3
incubadoraliderar,1,11000.0,2
incumplimientos,2,17000.0,1
indebido,1,19000.0,1
indefinido,10,12769.714285714286,3
independientemente,3,14500.0,3
indeterminado,11,12220.0,3
indeterminadosueldo,1,19000.0,1
indica,1,16000.0,3
indicacionescapacidad,1,20000.0,1
indicada,1,13000.0,3
indicadores,22,15342.857142857143,3
indicados,1,14000.0,3
indirectas,2,21888.0,1
indispenable,1,19000.0,1
indispensable,43,13412.181818181818,3
indispensables,4,15013.0,3
indistinto,8,14660.0,3
individuales,1,13000.0,3
individuos,1,15000.0,3
inducción,2,11749.0,2
industria,27,15017.875,3
industrial,78,13205.55,3
industriales,2,14500.0,3
industrialingenieríasquímico,2,6000.0,2
industrias,5,10025.0,2
infantiles,4,8400.0,2
infecciosa,1,12500.0,3
infecciosos,2,11000.0,2
inferencial,1,20000.0,1
inferiores,1,13000.0,3
infonavit,17,12642.857142857143,3
información,36,13693.333333333334,3
informado,1,14000.0,3
informar,4,14000.0,3
informativo,1,18000.0,1
informe,2,15500.0,3
informes,11,12720.0,3
informática,2,15000.0,3
informático,2,9000.0,2
infusión,2,20000.0,1
ingeneria,1,13000.0,3
ingenieria,2,17000.0,1
ingeniero,37,14300.0,3
ingenieros,1,10500.0,2
ingeniería,37,12674.285714285714,3
ingenierías,2,13050.0,3
ingles,2,16000.0,3
inglés,10,15498.285714285714,3
inglésactividadesejecutar,2,20000.0,1
ingreso,12,11752.888888888889,2
inhalables,2,12000.0,2
inherentes,3,15000.0,3
inicial,3,13233.333333333334,3
iniciando,2,11500.0,2
iniciar,2,16800.0,1
iniciativa,5,12333.333333333334,3
inicio,2,18300.0,1
inmediaciones,1,10000.0,2
inmediata,5,13240.0,3
inmediataatención;,2,15000.0,3
inmediatacontar,2,6000.0,2
inmediatas,1,13000.0,3
inmediato,2,13500.0,3
inmersiones,1,12600.0,3
inmunodeficiencia,6,12535.2,3
inmunohematología,6,14400.0,3
inmunología,27,12874.444444444445,3
inmunoquímica,1,9000.0,2
innovación,10,13700.0,3
innovador,3,6050.0,2
innovadora,4,9500.0,2
innovadores,1,12000.0,2
innovar,3,14000.0,3
inocuidad,6,15680.0,3
inocuidadbuenas,1,11000.0,2
inocuidad¿qué,2,12000.0,2
inquebrantable,1,20000.0,1
inscrito,1,10000.0,2
inspeccionar,7,10875.0,2
inspecciones,7,13333.333333333334,3
inspección,14,13842.857142857143,3
inspector,8,10780.0,2
inspector/a,3,14000.0,3
inspectores,2,10000.0,2
inspirar,1,7000.0,2
instalaciones,16,11652.666666666666,2
instalación,3,9000.0,2
instalada,1,10000.0,2
institucional,2,16000.0,3
institucionales,5,18533.333333333332,1
instituciones,1,9000.0,2
institución,31,12944.444444444445,3
instrucciones,5,12666.666666666666,3
instructivos,1,17039.0,1
instructor/a,4,8400.0,2
instructor/instructora,2,16800.0,1
instructores,2,15000.0,3
instrumentación,3,12333.333333333334,3
instrumental,2,18519.5,1
instrumentales,1,11000.0,2
instrumentos,13,13423.42857142857,3
insumo,2,13000.0,3
insumos,39,15635.933333333332,3
insumos/reactivos,2,14499.5,3
integrado,1,17000.0,1
integrados,4,14962.666666666666,3
integral,4,15166.666666666666,3
integrales,1,14200.0,3
integralmente,1,14200.0,3
integralquien,1,18000.0,1
integrante,1,18600.0,1
integrarte,2,13000.0,3
integridad,13,14755.555555555555,3
inteligente,1,14200.0,3
intención,1,12000.0,2
interacción,2,16300.0,3
interbancarios,1,18600.0,1
interdepartamentalapoyar,1,17000.0,1
interesa,3,11300.0,2
interesada,1,15600.0,3
interesadas,2,10000.0,2
interesadas/os,1,18500.0,1
interesadasdesarrollo,1,20000.0,1
interesado,11,12043.25,2
interesado/a,2,19200.0,1
interesados,13,14088.625,3
interior,1,13000.0,3
intermedia,1,12000.0,2
intermedia/avanzada,1,20000.0,1
intermedias,1,18600.0,1
intermedio,17,13194.666666666666,3
intermedios,2,17819.5,1
intermerk,2,16000.0,3
interna,12,13377.333333333334,3
internacional,3,12266.666666666666,3
internacionales,7,16750.0,1
internamente,2,9200.0,2
internas,28,14454.42857142857,3
internet,1,10000.0,2
interno,5,16000.0,3
internos,12,12811.25,3
interpretacion,1,13000.0,3
interpretación,3,14182.0,3
interpretar,3,10000.0,2
interés,8,12871.666666666666,3
intramuros,3,9599.0,2
intégrate,1,13200.0,3
inventario,13,12062.875,2
inventarios,29,12358.0,3
inversa,1,12000.0,2
investigaciones,5,18000.0,1
investigación,14,11205.0,2
investigacióncontar,1,9900.0,2
investigadores,1,18000.0,1
investigar,1,15000.0,3
invitamos,11,12320.0,3
irapuato,6,14100.0,3
irrigación,3,6050.0,2
ishikawa,1,20000.0,1
ishkawas,1,13000.0,3
izcalli,1,8364.0,2
iztapalapa,3,11000.0,2
jalisco,9,15683.333333333334,3
jaliscocalle,1,14000.0,3
jardinería,2,15000.0,3
jornada,7,10700.0,2
juarez,2,13637.5,3
juchitan,1,12000.0,2
juchitán,1,12000.0,2
juegos,1,18600.0,1
jueves,4,15900.0,3
juicio,1,18600.0,1
juntos,5,14675.2,3
jurídica,3,11700.0,2
justificado,1,9000.0,2
juárez,1,20000.0,1
kusamil,1,10370.0,2
labora,1,9000.0,2
laboral,48,12822.095238095239,3
laborales,7,9431.666666666666,2
laboralvales,1,11000.0,2
laboral¡muchas,2,12000.0,2
laborando,1,9000.0,2
laborar,21,12655.8,3
laborarles,1,18600.0,1
laborarás,1,14200.0,3
laboratorio,243,13732.923076923076,3
laboratorio4,2,12000.0,2
laboratorioasegurar,1,11000.0,2
laboratorios,20,12357.636363636364,3
laboratorista,19,10578.333333333334,2
labores,3,10666.666666666666,2
lagunas,1,20000.0,1
lanzamiento,1,20000.0,1
laptop,3,19666.666666666668,1
laredo,1,14000.0,3
lavado,4,9500.0,2
lealtad,2,16100.0,3
lectura,2,20000.0,1
legales,5,14940.0,3
legislaciones,2,9200.0,2
lejanas,6,14100.0,3
lengua,2,8400.0,2
lentes,2,14250.0,3
leonla,1,14000.0,3
levantamiento,3,15900.0,3
levantar,1,10000.0,2
leyaguinaldo,1,15000.0,3
leycapacitación,1,14000.0,3
leydiferentes,1,9900.0,2
liberación,7,12600.0,3
liberada,1,14000.0,3
liberar,2,14000.0,3
libres,13,12395.0,3
libros,2,15750.0,3
licencia,12,13311.111111111111,3
licenciado,5,13125.0,3
licenciatura,89,13253.777777777777,3
licenciaturas,1,22000.0,1
licitaciones,10,17666.666666666668,1
licitatorio,2,15000.0,3
licitatorios,2,15000.0,3
liderar,1,20000.0,1
liderazgo,14,15489.8,3
liderear,1,15000.0,3
lideres,1,8600.0,2
ligero,1,13500.0,3
liliam,2,15000.0,3
limitativas,1,22000.0,1
limitativo,1,20000.0,1
limpia,1,13000.0,3
limpias,1,19000.0,1
limpieza,27,12581.538461538461,3
limpiezaconocimientos,1,14000.0,3
limpiezas,1,19000.0,1
lincoln,1,9000.0,2
lindavista,2,14000.0,3
lineamientos,3,15533.333333333334,3
lingüísticas,1,10000.0,2
liquidas,1,13000.0,3
listados,4,12000.0,2
llamadas,5,11750.0,2
llamativo,1,18000.0,1
llana”,1,22000.0,1
llegada,1,9000.0,2
llegan,1,8600.0,2
llegar,2,8364.0,2
llegue,1,15000.0,3
lleguen,1,15000.0,3
llenado,16,14162.5,3
llenar,4,16600.0,1
llevar,20,11942.181818181818,2
locales,1,15000.0,3
locales/regionales,2,21888.0,1
localizador,1,11500.0,2
logrando,2,11000.0,2
lograr,4,11000.0,2
logros,1,7000.0,2
logística,31,15835.272727272728,3
logísticas,3,17944.0,1
lotear,1,8400.0,2
lubricantes,2,21500.0,1
lugares,2,12500.0,3
líneas,6,15600.0,3
líquidos,2,11000.0,2
lúdicas,1,9000.0,2
madero,1,10000.0,2
madres,2,13000.0,3
maestra,1,9000.0,2
maestro/a,1,9000.0,2
maestría,1,15000.0,3
maltrato,1,15000.0,3
manager,1,9000.0,2
mandanos,1,13000.0,3
mandar,2,13000.0,3
maneja,1,15600.0,3
manejados,2,16999.0,1
manejando,2,10000.0,2
manejar,11,14387.5,3
manejarás,1,14200.0,3
manejas,1,13000.0,3
manejo,167,13786.871794871795,3
manejos,1,20000.0,1
manera,14,13051.555555555555,3
manipulación,4,12000.0,2
mantener,44,13678.5,3
mantenerse,4,13200.0,3
mantenga,2,14000.0,3
mantengan,1,14000.0,3
mantenimiento,27,13093.625,3
mantenimientos,3,12666.333333333334,3
mantiene,1,16000.0,3
manual,5,15333.333333333334,3
manuales,17,15100.0,3
manualmente,1,8400.0,2
manuel,1,14100.0,3
manufactura,10,14828.57142857143,3
manufacturasistema,1,11000.0,2
manufactureras,1,9000.0,2
manufacturing,2,18000.0,1
mapeos,2,13000.0,3
maquinas,1,11000.0,2
marbetes,2,21888.0,1
marcados,1,18500.0,1
marcar,2,16250.0,3
marcas,2,13000.0,3
marcha,2,13000.0,3
mariano,1,12000.0,2
marina,1,12600.0,3
marinas,3,12600.0,3
marinos,4,8233.333333333334,2
marketing,6,13615.0,3
martin,1,14000.0,3
masculino,1,10000.0,2
matemáticas,1,20000.0,1
mateos»,2,15000.0,3
materia,12,15550.0,3
material,25,15084.888888888889,3
materiales,21,13961.583333333334,3
materias,13,13516.42857142857,3
maternidad,1,13500.0,3
matrimonio,2,15450.0,3
matriz,1,15000.0,3
matutino,9,12680.57142857143,3
maximo,2,10000.0,2
mayores,14,17458.6,1
mayorescontrato,1,14000.0,3
mañana,7,10188.0,2
mañanas,4,16800.0,1
mecánica,2,17500.0,1
mecánicos,1,17000.0,1
mediante,20,14511.0,3
medica,2,8364.0,2
medicamento,8,14939.6,3
medicamentos,52,14534.615384615385,3
medicamentoscontrol,1,15000.0,3
medicina,5,16933.333333333332,1
mediciones,1,16000.0,3
medición,10,13780.57142857143,3
medico,2,17444.0,1
medicos,2,21888.0,1
medidas,1,13000.0,3
medio5,2,12000.0,2
medios,3,12400.0,3
mejora,21,14464.57142857143,3
mejoramiento,2,16500.0,3
mejorar,13,12366.666666666666,3
mejoras,6,14333.333333333334,3
mejores,4,19250.0,1
membresía,1,14200.0,3
mencionadas,2,14499.5,3
mencionado,1,18000.0,1
menores,1,15000.0,3
mensajerías,1,10000.0,2
mensajes,2,13000.0,3
mensual,52,13307.863636363636,3
mensual+,10,14500.0,3
mensuales,39,14005.866666666667,3
mensualmente,4,13000.0,3
mensualsgmm,1,19000.0,1
mentalidad,1,10000.0,2
mercado,23,13835.57142857143,3
mercancía,11,14533.333333333334,3
mercancías,1,11500.0,2
merida,1,11000.0,2
mermasconocimiento,1,15000.0,3
meseshorario,1,9000.0,2
metales,1,20000.0,1
metalurgia,3,6050.0,2
metalúrgica,6,6050.0,2
metepec,2,8400.0,2
meticuloso,1,13500.0,3
metodología,10,15207.8,3
metodologías,7,17500.0,1
metro/mb,1,10900.0,2
metrología,1,9000.0,2
metros,1,10370.0,2
metódico,3,10000.0,2
mexicana,14,12866.333333333334,3
mexicanas,9,13472.6,3
mexicano,1,12200.0,3
mexicanos,4,15296.0,3
mezclado,1,22000.0,1
michin,1,9000.0,2
microbiologo,2,8800.0,2
microbiología,31,14606.363636363636,3
microbiologíarequisitos,1,11000.0,2
microbiológica,1,19000.0,1
microbiológicas,6,17400.0,1
microbiológico,2,17400.0,1
microbiológicos,4,9682.0,2
microsoft,9,12971.42857142857,3
micrómetro,1,11000.0,2
miembros,1,13000.0,3
migratoria,2,8400.0,2
miguel,1,21000.0,1
mineral,3,13000.0,3
minimo,5,10475.0,2
minolta,1,10500.0,2
minutos,2,11550.0,2
mirassou,1,14000.0,3
mision,2,13500.0,3
misión,4,16750.0,1
mismas,1,14000.0,3
mismos,5,13520.0,3
mitigar,2,16000.0,3
mitras,1,9000.0,2
modalidad,18,15416.666666666666,3
modelo,3,20300.0,1
modificar,1,20000.0,1
molecular,1,20000.0,1
molinito,1,9570.0,2
molinos,2,18000.0,1
molécula,1,10000.0,2
momento,1,16000.0,3
monitoreando,2,14000.0,3
monitorear,4,14679.666666666666,3
monitoreo,10,13950.0,3
monitoreos,3,16000.0,3
montacargas,1,15000.0,3
montacarguista,2,14000.0,3
monterrey,5,13456.666666666666,3
monterreyrango,1,18000.0,1
monómeros,2,20000.0,1
morelia,2,14100.0,3
morelos,2,13000.0,3
morosidad,2,18600.0,1
motiva,1,9000.0,2
motivación,2,12000.0,2
motivan,1,13000.0,3
motivar,1,7000.0,2
motivo,5,11200.0,2
movilidad,5,15000.0,3
movimientoscierre,1,15000.0,3
mportante,1,8000.0,2
muchas,1,13000.0,3
muestra,4,14266.666666666666,3
muestras,99,13539.708333333334,3
muestreador,2,10000.0,2
muestrear,1,18400.0,1
muestreo,11,12500.0,3
muestreos,2,10000.0,2
muestro,1,9000.0,2
multiparque,1,14000.0,3
mundial,3,17944.0,1
máquina,1,9000.0,2
máximo,7,16257.6,3
médica,8,15066.666666666666,3
médicas,2,9000.0,2
médico,10,13000.0,3
médicos,43,13728.454545454546,3
mérida,1,10370.0,2
métodos,17,14625.0,3
métrica,1,9000.0,2
métricas,1,18600.0,1
méxicana,3,15000.0,3
méxico,24,15383.692307692309,3
mínima,58,14098.75,3
mínimo,27,14254.846153846154,3
mínimos,3,13682.0,3
múltiples,2,13500.0,3
nacimiento,1,10900.0,2
nacional,11,13348.888888888889,3
nacional;,1,9000.0,2
nacionales,9,17750.0,1
nacionalidad,1,16000.0,3
nanotecnología,4,10000.0,2
nasofaríngeas,1,13000.0,3
nativitas,2,11000.0,2
naturaleza,2,18000.0,1
naucalpan,3,12285.0,3
navidad,2,8364.0,2
navideña,1,9570.0,2
necesaria,5,12600.0,3
necesariamente,1,12500.0,3
necesarias,7,13340.0,3
necesario,12,13829.111111111111,3
necesarios,4,18000.0,1
necesidades,17,14016.666666666666,3
necesitarás,1,13000.0,3
necesitas,9,15000.0,3
negociaciones,2,13800.0,3
negociación,9,15324.875,3
negociados,1,18600.0,1
negociar,1,21000.0,1
negocio,11,14914.285714285714,3
negocios,3,12566.666666666666,3
neolpharma,1,12200.0,3
netsuite,1,21000.0,1
neurología,1,21000.0,1
nezahualpilli,1,13500.0,3
ningún,9,15000.0,3
niveles,5,13900.0,3
nocivas,2,15000.0,3
nocturno,5,11750.0,2
nombre,2,12800.0,3
nombre],1,16000.0,3
nomina,2,15000.0,3
nominal,1,17039.0,1
nomsdisponibilidad,1,14000.0,3
noreste,1,15000.0,3
normales,1,16000.0,3
normalizados,8,14628.285714285714,3
normas,52,13080.235294117647,3
normativa,9,14485.714285714286,3
normativas,19,16642.85714285714,1
normatividad,23,14396.545454545454,3
normatividades,7,16050.0,3
normativo,8,15833.333333333334,3
normativos,5,17250.0,1
normativoverificar,1,17000.0,1
normex,5,20000.0,1
noroeste,1,9000.0,2
nosotros,17,13645.454545454546,3
nosotrossolin,3,15000.0,3
notificar,3,16000.0,3
notificara,1,21000.0,1
noviembre,3,12000.0,2
nuemero,1,11000.0,2
nuestra,41,14903.9,3
nuestras,12,13439.42857142857,3
nuestro,88,13790.793103448275,3
nuestros,56,15147.058823529413,3
nuestros/as,3,14000.0,3
nuevamente,2,13850.0,3
nuevas,3,17833.333333333332,1
nuevos,17,12428.57142857143,3
nutricional,2,18600.0,1
nutricionales,1,13500.0,3
nutrición,1,22000.0,1
nutriólogo,2,12500.0,3
nómina,4,11500.0,2
número,5,13533.333333333334,3
oaxaca,3,16450.0,3
obesidad,2,12000.0,2
obispo,1,14000.0,3
objetivo,33,14462.0,3
objetivos,13,15986.222222222223,3
objetos,1,9000.0,2
obligaciones,2,18800.0,1
obligatoria,1,13000.0,3
obligatorio,4,16000.0,3
obregón,1,9000.0,2
obregónhorario,2,20000.0,1
obtención,2,11000.0,2
obtener,2,19200.0,1
obtenida,1,16000.0,3
obtenidas,2,17250.0,1
obtenidos,11,12880.0,3
obviamente,3,10500.0,2
ocasional,2,20000.0,1
ocasiones,3,11500.0,2
oceanólogo,3,6050.0,2
ocupando,1,22000.0,1
ocurra,1,9000.0,2
ocurran,1,13000.0,3
odontólogo,1,10000.0,2
oferta,6,8666.666666666666,2
ofertados,1,18000.0,1
office,27,14888.625,3
oficial,2,13850.0,3
oficiales,12,12170.5,3
oficialesescolaridad,3,14000.0,3
oficina,5,11255.2,2
oficinas,11,16700.0,1
ofimática,1,20000.0,1
ofrece,10,14900.0,3
ofrecemos,117,13264.3125,3
ofrecen,12,15750.0,3
ofrecer,9,13344.0,3
ofrecidos,2,13000.0,3
ofreciendo,1,12000.0,2
ofrecimiento,1,18600.0,1
olvidados,1,9000.0,2
opción,5,11400.0,2
operacionales,1,18600.0,1
operaciones,8,14975.0,3
operación,30,15172.545454545454,3
operaciónactualización,1,11500.0,2
operador,2,14000.0,3
operadores,3,15999.0,3
operar,1,11000.0,2
operativa,5,13550.0,3
operatividad,1,9000.0,2
operativo,1,15000.0,3
operativos,9,14950.0,3
operen,2,15600.0,3
opiniones,6,14100.0,3
oportuna,2,17500.0,1
oportunamente,5,14499.75,3
oportunidad,43,11264.588235294117,2
oportunidades,27,12790.933333333332,3
optima,3,14000.0,3
optimas,1,13000.0,3
optimización,1,10000.0,2
optimizar,6,13500.0,3
oracle,1,21000.0,1
orales,2,14000.0,3
ordenada,1,13000.0,3
ordenamiento,2,13850.0,3
ordenes,2,17500.0,1
organizacional,3,13076.666666666666,3
organizaciones,1,8600.0,2
organización,37,13924.391304347826,3
organizando,1,8600.0,2
organizar,4,11121.333333333334,2
organizativas,1,7000.0,2
orgullo,1,18600.0,1
orgánicos,2,20000.0,1
orientación,16,14959.888888888889,3
orientada,1,9260.0,2
orientado,1,10000.0,2
orientados,2,16400.0,3
orientando,1,9000.0,2
origen,10,14066.666666666666,3
ortografía,2,14800.0,3
ortopédica,1,13000.0,3
ortopédicas,1,13000.0,3
otorgada,1,22000.0,1
otorgue,1,16000.0,3
outlook,2,17500.0,1
paciente,14,13871.125,3
pacientes,42,12679.538461538461,3
pactados,1,10000.0,2
pagada,2,14300.0,3
pagadaoportunidad,1,14000.0,3
pagadas,2,14000.0,3
pagina,2,16800.0,1
palabra,11,14121.25,3
pandapé,3,10000.0,2
papanicolaos,1,16000.0,3
papelería,1,10000.0,2
paquete,2,12800.0,3
paqueteria,2,10000.0,2
paquetería,15,15076.444444444445,3
paquetes,2,16000.0,3
paramédicos,1,9000.0,2
parasitologo,3,13666.333333333334,3
parasitología,25,13233.75,3
parasitólogo,36,12117.0,3
parasitólogo/químico,12,14000.0,3
parasitólogodeseable,1,9900.0,2
parque,7,13839.6,3
partero,1,10000.0,2
partes,1,20000.0,1
participa,1,10000.0,2
participación,2,6638.0,2
participar,16,14736.181818181818,3
participes,3,10000.0,2
partidos,1,9000.0,2
partir,11,14356.5,3
parámetros,2,12600.0,3
pasante,10,12460.666666666666,3
pasantes,1,8364.0,2
pasión,9,13980.0,3
patología,1,18000.0,1
patria,1,12000.0,2
patrimonial,6,11399.333333333334,2
patrones,1,15800.0,3
patrón,2,8364.0,2
patógena,2,15000.0,3
pecuario,2,10000.0,2
pedagogía,2,8400.0,2
pedagógicas,1,7000.0,2
pedagógicos,1,10370.0,2
pedido,2,17500.0,1
pedidos,22,14845.454545454546,3
pediátricos,2,13000.0,3
peligrosos,2,11000.0,2
penales,2,8400.0,2
pensamiento,2,14500.0,3
pensiones,1,18600.0,1
pensum,1,11000.0,2
percibido,2,13850.0,3
perder,1,17000.0,1
perdidas,1,17000.0,1
perecederos,6,14000.0,3
perecederosconocimientos,3,14000.0,3
perfil,21,12009.09090909091,2
perfusores,2,20000.0,1
periodo,5,12892.8,3
periodos,1,17000.0,1
periódicamente,3,14233.333333333334,3
periódicas,3,15000.0,3
periódicos,1,11500.0,2
permanencia,10,12472.0,3
permanente,6,12841.0,3
permisos,4,11522.5,2
permita,2,16000.0,3
permitan,1,18000.0,1
permitirá,4,8138.0,2
peroxidos,1,20000.0,1
persona,22,12420.0,3
personal,94,13836.515151515152,3
personalapoyo,1,12000.0,2
personales,3,14000.0,3
personalizada,7,12592.5,3
personalizadas,1,13000.0,3
personas,18,15970.0,3
persuasión,2,8800.0,2
pertenecemos,1,14200.0,3
perteneciendo,1,13000.0,3
pertenencia,4,14100.0,3
pertinentes,8,16123.333333333334,3
peróxidos,2,20000.0,1
pesados,1,20000.0,1
pesaje,1,13000.0,3
pesquero,3,6050.0,2
petición,1,11500.0,2
petrolera,6,6050.0,2
petrolero,3,6050.0,2
pharmaceuticals,1,10900.0,2
pharmacopeia,1,13000.0,3
photoshop,1,9230.0,2
pielclinic,1,8600.0,2
pilates,1,15000.0,3
pingüinos,4,12600.0,3
pisadas,1,13000.0,3
plagas,13,15000.0,3
planeaciones,2,9685.0,2
planeación,4,9121.333333333334,2
planear,1,15000.0,3
planes,14,15371.142857142857,3
planificaciones,1,11000.0,2
planificación,3,16566.666666666668,1
planificadas,1,18600.0,1
planificar,3,10333.333333333334,2
planta,18,13762.444444444445,3
plantaciones,4,15000.0,3
plantación,4,15000.0,3
plantas,3,10833.333333333334,2
planteamiento,1,18600.0,1
plantear,1,15000.0,3
plantillas,2,13000.0,3
plataforma,3,16000.0,3
plataformas,2,9230.0,2
plazohorario,2,15000.0,3
plazos,1,17000.0,1
plenamente,2,13000.0,3
plomería,1,12000.0,2
plástico,2,11000.0,2
plásticos,2,10000.0,2
pmbeneficios,1,15000.0,3
pmllama,2,20000.0,1
pmzonas,2,15000.0,3
poblacional,1,17000.0,1
poblaciones,1,17000.0,1
podemos,1,11000.0,2
podrás,3,10000.0,2
polanco,2,14800.0,3
policloruro,1,11000.0,2
polietileno,1,11000.0,2
politécnico,1,10000.0,2
polímeros,3,20500.0,1
política,3,11700.0,2
políticas,8,16920.0,1
pondremos,2,15000.0,3
ponemos,1,18400.0,1
porque,1,14200.0,3
portafolio,2,14000.0,3
portal,2,15600.0,3
portales,1,15600.0,3
posgrado,2,20000.0,1
posibilidad,2,12000.0,2
posibilidades,3,13000.0,3
posible,3,12600.0,3
posibles,3,13866.666666666666,3
posicionado,2,20500.0,1
posicionados,1,22000.0,1
posición,14,14937.5,3
positiva,5,10420.0,2
positivas,2,12000.0,2
positivo,1,18998.0,1
positivos,1,16000.0,3
postanalíticas,2,14400.0,3
posterior,2,17000.0,1
posteriormente,1,13000.0,3
postulación,3,12785.0,3
postularse,17,13784.083333333334,3
postularte,3,17300.0,1
postulate,2,14000.0,3
postulen,1,16000.0,3
postventa,1,8000.0,2
postúlate,7,14285.714285714286,3
potable,4,11600.0,2
potencial,3,17944.0,1
potencial;,3,14000.0,3
potenciales,1,9000.0,2
potencializa,3,17944.0,1
potenciométricas,1,12000.0,2
potenciómetro,2,15500.0,3
potosí,3,14100.0,3
potrero,1,14000.0,3
powerpoint,1,13000.0,3
practicarán,1,18500.0,1
practicas,5,11250.0,2
preanalíticas,2,14400.0,3
precio,1,21000.0,1
precios,4,12200.0,3
precisa,1,13000.0,3
precisión,5,13500.0,3
preciso,2,10050.0,2
precisos,1,15000.0,3
preferencia,9,12166.666666666666,3
preferencial,1,10000.0,2
preferenciales,6,9925.0,2
preferencias,2,13000.0,3
preferente,3,13121.333333333334,3
preferentemente,7,14128.333333333334,3
preferible,1,22000.0,1
preferiblemente,1,16000.0,3
prematuramente,1,16000.0,3
preparación,16,12500.0,3
preparador,1,10370.0,2
preparar,2,8364.0,2
preparatoria,3,15000.0,3
prescribir,1,14200.0,3
prescripcion,1,13000.0,3
presencia,8,11512.666666666666,2
presencial,14,14428.57142857143,3
presentaciones,2,17000.0,1
presentación,3,15500.0,3
presentar,3,10666.666666666666,2
presentarse,2,12000.0,2
presente,1,9000.0,2
presiones,2,14000.0,3
presión,13,14700.0,3
presióngenerar,1,20000.0,1
prestaciones,154,12932.8125,3
prestado,1,14000.0,3
presupuesto,3,17500.0,1
presupuestocumplir,1,20000.0,1
prevenciones,1,14200.0,3
prevenir,3,14500.0,3
preventivas,4,15500.0,3
preventivasejecutar,2,20000.0,1
preventivo,2,13600.0,3
preventivos/yo,2,14499.5,3
prever,1,9000.0,2
previa,8,14460.0,3
prevista,1,15600.0,3
primar,1,10900.0,2
primas,11,14723.166666666666,3
primer,18,12712.5,3
primera,1,18000.0,1
primeros,5,13679.666666666666,3
primordiales,2,15000.0,3
principal,5,11733.333333333334,2
principales,33,14974.125,3
principalmente,2,18500.0,1
principios,3,16500.0,3
prioritarias,1,18000.0,1
priorizando,1,12000.0,2
privada,2,9198.0,2
privado,3,12000.0,2
proactiva,7,13466.0,3
proactividad,5,12275.0,3
proactivo,5,12533.333333333334,3
probar,1,20000.0,1
problema,2,10000.0,2
problemas,14,12694.857142857143,3
problemas6,2,12000.0,2
procede,1,11500.0,2
procedimiento,9,18500.0,1
procedimientos,46,14163.666666666666,3
procedimientos;,1,15000.0,3
procedimientoscapacidad,1,20000.0,1
procedimientosrealizar,2,20000.0,1
procesamiento,6,13719.0,3
procesamientos,5,14185.0,3
procesando,1,11000.0,2
procesar,4,14275.0,3
proceso,74,13300.91304347826,3
procesos,102,13669.16,3
procesosbuenas,1,15000.0,3
procon,1,10370.0,2
procurando,1,18000.0,1
procurment,1,15000.0,3
producción,31,13283.333333333334,3
producciónbuenas,1,15000.0,3
produccióncontrol,1,15000.0,3
productividad,7,12625.0,3
productivo,3,13000.0,3
productivos,2,14000.0,3
producto,63,14010.526315789473,3
productollevar,1,20000.0,1
productos,83,14149.48,3
productosdesarrollar,1,20000.0,1
productosdocumentar,1,20000.0,1
productosevaluar,1,20000.0,1
productosllevar,1,20000.0,1
productosrevisar,1,20000.0,1
produzcan,2,10000.0,2
profesional,72,13628.130434782608,3
profesionales,13,13925.0,3
profesionalexperiencia,1,19000.0,1
profesionalismo,1,15000.0,3
profesor,1,9000.0,2
profesores,1,7000.0,2
profundamente,2,13000.0,3
profundas,1,12600.0,3
profundo,2,7000.0,2
programa,12,15066.666666666666,3
programación,3,16000.0,3
programadas,1,11500.0,2
programando,2,16800.0,1
programas,17,13044.444444444445,3
prohibida,7,12062.666666666666,2
prohíbe,2,8400.0,2
prologist,1,21888.0,1
promocional,1,10000.0,2
promocionales,1,9230.0,2
promociones,1,10000.0,2
promoción,3,12933.333333333334,3
promover,6,13640.0,3
promoviendo,1,7000.0,2
promueva,1,18600.0,1
promueve,2,13000.0,3
propductosemisión,2,18000.0,1
propia,1,10000.0,2
propias,2,11000.0,2
propio,5,12120.0,3
proponer,5,15000.0,3
proporciona,2,10000.0,2
proporcionado,1,18600.0,1
proporcionados,1,15000.0,3
proporcionando,1,17000.0,1
proporcionar,2,16300.0,3
propuesta,3,12500.0,3
propuestas,1,18600.0,1
propósito,6,13400.0,3
prorrogas,1,14000.0,3
prospección,5,13000.0,3
prospectación,1,14000.0,3
prospectar,1,8000.0,2
prospectos,1,18000.0,1
protección,7,14120.0,3
proteger,4,15000.0,3
proteínas,1,20000.0,1
protocolo,1,13000.0,3
protocolos,27,14500.0,3
prototipos,1,20000.0,1
proveedor,6,16333.333333333334,3
proveedora,1,12000.0,2
proveedores,30,12705.636363636364,3
proveedorescalendario,1,11500.0,2
proveedoresdocumentación,1,14000.0,3
proveedoresprestaciones,1,12000.0,2
proveedoresrealizar,1,12000.0,2
providencia,1,11000.0,2
provocados,1,16000.0,3
proyecciones,2,14499.5,3
proyecto,1,6276.0,2
proyectos,12,15750.0,3
proyectosrealizar,1,20000.0,1
prueba,6,13050.0,3
pruebas,22,14554.545454545454,3
práctica,3,13000.0,3
préstamo,1,22000.0,1
préstamos,1,9000.0,2
próximos,2,16800.0,1
psicofarma,2,19000.0,1
psicología,3,8815.0,2
psicológica,2,18600.0,1
psicológico,1,15000.0,3
psicotrópicos,3,19500.0,1
psicólogo,1,10000.0,2
publicacion,2,14000.0,3
publicadas,2,13850.0,3
publicidad,2,13615.0,3
publico,2,16800.0,1
pudieran,1,9000.0,2
puebla,1,9000.0,2
puedan,1,18600.0,1
pueden,1,9000.0,2
puedes,4,16666.666666666668,1
puericultura,2,8400.0,2
puerto,2,14400.0,3
puesto,90,14983.461538461539,3
puestoanálisis,1,11000.0,2
puestocoordinar,1,11500.0,2
puestoeducación,3,12166.666666666666,3
puestoel,2,8364.0,2
puestoescolaridad,2,12000.0,2
puestoestudios,2,8364.0,2
puestogeneración,1,12000.0,2
puestolicenciatura,2,18000.0,1
puestomanejo,2,18000.0,1
puestomuestreo,1,10000.0,2
puestoqfb,1,11000.0,2
puestorealizar,1,13000.0,3
puestorevisar,2,13000.0,3
puestos,3,16900.0,1
puestovalidación,1,14000.0,3
puntos,1,13000.0,3
puntual,4,14342.5,3
puntualidad,12,13139.25,3
página,3,10000.0,2
pérdida,1,18600.0,1
pérdidas,1,8600.0,2
públicas,3,16500.0,3
públicasdocumentación,2,15000.0,3
público,1,18000.0,1
quedarte,1,13500.0,3
quejas,5,14250.0,3
queremos,4,14525.0,3
querer,2,12000.0,2
querétaro,4,17050.0,1
querétaroen,1,12000.0,2
quieres,3,14100.0,3
quimicasons,1,15600.0,3
quimico,21,13305.0,3
quimicos,1,20000.0,1
quincenal,6,11025.0,2
quincenalcaja,2,13000.0,3
quincenales,1,15500.0,3
quincenas,1,15000.0,3
quintana,2,12000.0,2
quirófano,2,8364.0,2
quiénes,1,18600.0,1
química,145,12773.761904761905,3
químicaquímicaqfb,2,12000.0,2
químicas,8,15000.0,3
químico,305,13517.183673469388,3
químicobiológicos,10,14500.0,3
químicos,12,16162.375,3
radicar,2,12600.0,3
rangos,1,16000.0,3
ranking,1,14200.0,3
rastreabilidad,4,9500.0,2
ratificación,1,16000.0,3
ratings,1,22000.0,1
reacciones,1,13500.0,3
reactivos,10,14767.8,3
reafirmando,1,18600.0,1
realice,2,9200.0,2
realicen,4,14374.75,3
realiza,4,14425.0,3
realización,12,15258.5,3
realizada,2,17500.0,1
realizadas,5,13740.0,3
realizado,5,15825.0,3
realizados,6,15100.0,3
realizamos,1,18000.0,1
realizando,6,13399.4,3
realizar,100,13838.193548387097,3
realizarás,2,12100.0,2
realizaré,2,10000.0,2
recepcion,1,10000.0,2
recepcionista,1,9000.0,2
recepción,24,13614.166666666666,3
receso,2,16800.0,1
receta,1,15000.0,3
recetadas,1,8600.0,2
recetados,1,8600.0,2
recetas,1,9000.0,2
rechaza,2,13000.0,3
rechazado,1,11000.0,2
rechazar,1,13000.0,3
rechazo,4,13749.75,3
reciba,1,9000.0,2
reciban,1,11000.0,2
recibe,4,15000.0,3
recibidas,1,13000.0,3
recibidos,5,14675.0,3
recibir,9,13228.57142857143,3
recibo,7,13500.0,3
recien,1,13000.0,3
reciente,2,9000.0,2
recinto,1,9000.0,2
recién,11,11238.333333333334,2
reclamos,2,16000.0,3
reclutamiento,5,14866.666666666666,3
reclutapro,3,10000.0,2
reclutar,1,8498.0,2
recoger,1,13000.0,3
recolección,2,11400.0,2
recolectando,1,16000.0,3
recomendamos,2,16800.0,1
recomendar,1,16000.0,3
reconoce,1,18998.0,1
reconocida,3,15500.0,3
reconocimientos,1,22000.0,1
recopilar,1,16000.0,3
recorridos,5,13695.333333333334,3
recubrimientos,1,21000.0,1
recuperación,5,17866.666666666668,1
recursos,24,13024.888888888889,3
redacción,1,21000.0,1
redactando,1,16000.0,3
reducción,1,12000.0,2
referencia,1,16370.0,3
referente,1,20000.0,1
referentes,4,9200.0,2
refiere,1,8600.0,2
reforestación,1,15000.0,3
refresquero,1,11000.0,2
refrigerados,2,13850.0,3
regional,2,16800.0,1
regionales,2,16000.0,3
registrado,1,8000.0,2
registrando,2,16000.0,3
registrar,1,8600.0,2
registro,15,11537.5,2
registros,13,13375.8,3
región,6,14100.0,3
reglamentaciones,2,13850.0,3
reglamentación,1,12000.0,2
reglamentarios,1,18000.0,1
reglamento,4,12675.0,3
reglamentos,4,17500.0,1
regulaciones,1,18600.0,1
regulación,8,15083.0,3
regulados,6,15000.0,3
regulatoria,1,8600.0,2
regulatorias,4,18000.0,1
regulatorio,2,17000.0,1
regulatorios,17,16181.0,3
rehabilitación,2,16800.0,1
relacionada,3,14666.666666666666,3
relacionadas,11,16887.5,1
relacionado,3,16000.0,3
relacionados,11,13443.333333333334,3
relaciones,7,17320.0,1
relativa,3,12566.666666666666,3
relevante,1,17000.0,1
relevantes,3,14000.0,3
religión,7,13100.0,3
rellenos,1,8600.0,2
remediación,1,15000.0,3
remitidas,2,9000.0,2
rendimiento,1,20000.0,1
renovaciones,1,14200.0,3
reológicos,1,18400.0,1
reparación,2,12500.0,3
repartir,2,8364.0,2
reparto,2,14750.0,3
reporta,1,16000.0,3
reportada,1,16000.0,3
reportado,2,13000.0,3
reportados,1,19000.0,1
reportando,1,16000.0,3
reportar,15,14999.714285714286,3
reporte,14,12924.875,3
reportes,42,12455.08695652174,3
representante,2,11500.0,2
representativas,3,15900.0,3
reproductivos,1,17000.0,1
reprogramaciones,1,21000.0,1
republica,3,15000.0,3
reputacionales,1,18600.0,1
república,8,13799.6,3
requerida,4,13500.0,3
requeridas,3,16666.666666666668,1
requerido,5,15679.666666666666,3
requeridos,11,17871.428571428572,1
requerimientos,8,16084.0,3
requerimientosestablecidos,1,18000.0,1
requerir,1,8000.0,2
requiera,1,20000.0,1
requieran,1,13000.0,3
requiere,12,13300.0,3
requieren,1,18500.0,1
requisiciones,1,17039.0,1
requisito,8,12062.666666666666,2
requisitos,148,13821.214285714286,3
resaltando,1,7000.0,2
resaltar,2,13000.0,3
resguardar,2,13000.0,3
resguardo,2,14500.0,3
residencia,3,8682.0,2
residentes,1,15000.0,3
residual,3,11400.0,2
residuos,5,11250.0,2
resinas,2,20000.0,1
resistencia,1,15800.0,3
resoluciones,2,10000.0,2
resolución,9,13866.666666666666,3
resolver,1,12000.0,2
respaldan,1,13000.0,3
respectivo,1,16000.0,3
respecto,4,14200.0,3
respetamos,1,16000.0,3
respetar,2,13850.0,3
respeto,11,16948.0,1
responsabilidad,14,14824.75,3
responsabilidades,43,12368.047619047618,3
responsabilidadesdar,1,15000.0,3
responsabilidadesrevisar,1,20000.0,1
responsable,76,14517.904761904761,3
responsables,5,14533.333333333334,3
responsiva+,1,13000.0,3
respuesta,6,12454.666666666666,3
resquicitos;,1,14400.0,3
restauración,1,18000.0,1
restaurantes,1,10000.0,2
resultado,1,18600.0,1
resultados,71,14856.3,3
resumen,1,15000.0,3
retail,2,15600.0,3
retardos,1,9000.0,2
retención,1,11000.0,2
retiro,6,15619.6,3
retiros,1,11500.0,2
retrasos,2,21000.0,1
retroalimentación,3,15300.0,3
reubicación,1,15000.0,3
reuniones,2,11500.0,2
revalidaciones,3,20000.0,1
revalidación,1,20000.0,1
revisa,1,16000.0,3
revisando,1,16000.0,3
revisar,18,16263.454545454546,3
revision,1,13000.0,3
revisiones,3,12099.0,2
revisión,14,15209.777777777777,3
ribera,1,10900.0,2
riesgo,2,14500.0,3
riesgoadministración,1,12000.0,2
riesgos,10,16099.666666666666,3
rigurosa,3,10000.0,2
rincón,1,14100.0,3
rivera,1,20000.0,1
robles,1,13000.0,3
rolado,1,10000.0,2
rolados,4,9200.0,2
romita,1,14100.0,3
rotación,2,14000.0,3
rápida,2,8364.0,2
rápidas,1,13500.0,3
sabado,5,13500.0,3
sabados,1,12000.0,2
saiens,1,12000.0,2
salada,2,12600.0,3
salarial,4,13333.333333333334,3
salariales,2,15999.0,3
salario,24,14507.692307692309,3
salida,1,8600.0,2
salidas,2,10500.0,2
salinas,2,10000.0,2
salud;,1,20000.0,1
saludables,2,12000.0,2
salvaguardando,1,10000.0,2
salvaguardar,1,14000.0,3
salvatierra,1,14100.0,3
sanatorio,1,11000.0,2
sanciones,1,18600.0,1
sangre,6,14325.0,3
sangre¿qué,1,14000.0,3
sanguíneas,9,12895.0,3
sanguíneos,4,13766.666666666666,3
sanitaria,25,13906.2,3
sanitaria/químico,12,14000.0,3
sanitarias,24,13900.0,3
sanitario,30,15629.692307692309,3
sanitario+,5,15000.0,3
sanitario/a,6,14100.0,3
sanitarioescolaridad,1,17000.0,1
sanitarios,9,13766.333333333334,3
sanitización,3,13500.0,3
santiago,1,20000.0,1
sarahi,1,9230.0,2
satisfacción,5,10333.333333333334,2
satisfacen,2,14500.0,3
satisfacer,4,13733.333333333334,3
satisfactoria,3,14000.0,3
satisfactorias,1,12000.0,2
satélite,2,15000.0,3
scientific,5,12000.0,2
secantes,2,20000.0,1
seccion,1,12000.0,2
secundaria,5,10732.666666666666,2
secundario,1,15000.0,3
segregación,1,15000.0,3
seguimiento,70,13442.222222222223,3
seguimientos,4,12166.666666666666,3
seguir,7,15091.0,3
segura,1,14000.0,3
seguridad,67,12710.888888888889,3
seguridadcolaborar,1,20000.0,1
seguro,65,14488.56,3
seleccionado,1,13500.0,3
selección,14,12605.0,3
semaforización,2,8364.0,2
semaforizar,2,8364.0,2
semana,41,11121.384615384615,2
semanal,5,13540.0,3
semanal/mensual,1,22000.0,1
semarnat,1,19000.0,1
semestral,2,21000.0,1
semestre,1,10000.0,2
semestres,3,10000.0,2
semiautomatizados,16,13875.0,3
sensibilidad,1,17000.0,1
sensibilización,2,18000.0,1
sensible,1,17000.0,1
sensorial,1,20000.0,1
sentido,7,15372.833333333334,3
serología,22,13767.142857142857,3
service,1,15000.0,3
servicio,41,14521.5,3
servicios,69,13344.95652173913,3
servidor,2,12500.0,3
sesiones,3,18500.0,1
sexual,10,13350.0,3
sexuales,2,13000.0,3
sgcarchivar,1,12000.0,2
sgcgarantizar,1,12000.0,2
siempre,2,14000.0,3
sienta,1,16000.0,3
sigmun,2,13000.0,3
significa,2,13600.0,3
significativo,3,14000.0,3
siguiendo,1,15000.0,3
siguiente,2,12500.0,3
siguientes,10,13185.714285714286,3
silvestre,2,18000.0,1
silvestres,1,18000.0,1
similar,25,15509.941176470587,3
similares,2,18000.0,1
similares;,1,15800.0,3
simulacro,1,14000.0,3
simulacros,1,14000.0,3
sinaloa,1,18600.0,1
sintox,1,11500.0,2
sistema,71,13316.125,3
sistemas,51,13602.761904761905,3
situaciones,2,10800.0,2
situación,9,11100.0,2
smartphone,1,18000.0,1
snacks,2,12000.0,2
sobrevivencia,4,15000.0,3
sociables,2,12000.0,2
social,23,12465.875,3
sociales,6,15457.5,3
socialmente,2,13000.0,3
sociedad,1,12200.0,3
socioeconómica,3,14000.0,3
socios,1,14200.0,3
software,1,17000.0,1
solicita,27,11651.384615384615,2
solicitada,2,15000.0,3
solicitadas,3,12300.0,3
solicitados,6,12025.0,2
solicitamos,10,11608.0,2
solicitan,3,6050.0,2
solicitando,2,13450.0,3
solicitar,5,15699.8,3
solicitaremos,3,14000.0,3
solicite,2,17000.0,1
solicitud,15,12087.6,2
solicitudes,3,17500.0,1
solicitudesdiseñar,1,20000.0,1
solida,1,13000.0,3
solidos,1,13500.0,3
soluciones,12,14042.0,3
solución,7,13992.8,3
sometimiento,1,14200.0,3
sometimientos,1,10000.0,2
sonora,1,9000.0,2
sonrisas,1,16000.0,3
soporte,2,16250.0,3
soportes,1,12600.0,3
sostenible,1,18000.0,1
sports,8,8400.0,2
ssa1seguridad,1,15000.0,3
standar,3,15900.0,3
states,1,13000.0,3
status,1,11000.0,2
suavizadores,1,12000.0,2
subroguen,2,10000.0,2
subsidiado,5,15140.0,3
subsidiadoprestaciones,2,13000.0,3
subsidio,3,15800.0,3
sucedan,1,18600.0,1
sucursal,10,12000.0,2
sucursales,22,12420.0,3
sucursales;,1,12000.0,2
sueldo,88,13588.878787878788,3
suficientes,3,15833.0,3
sujeta,1,22000.0,1
sujeto,1,22000.0,1
sujetos,2,9000.0,2
suministro,1,20000.0,1
superación,1,14400.0,3
superar,1,14200.0,3
superior,12,12442.857142857143,3
superiores,41,13668.25,3
superioreslugar,2,20000.0,1
supermanzana,2,12000.0,2
supervisando,1,11000.0,2
supervisar,48,14193.625,3
supervisarás,3,14000.0,3
supervisiones,9,14050.0,3
supervisión,18,14200.0,3
supervisor,6,15574.75,3
supervisora,1,9000.0,2
supervisores,2,10000.0,2
suplemento,2,18000.0,1
suplementos,1,10000.0,2
supply,2,20000.0,1
surgir,1,9000.0,2
sursueldo,1,17000.0,1
surtido,2,10450.0,2
surtir,3,15300.0,3
sustancias,2,12000.0,2
sustentar,1,20000.0,1
sustitución,1,9000.0,2
sábado,23,12168.857142857143,3
sábados,19,13966.666666666666,3
sólida,7,11500.0,2
sólidas,4,12375.0,3
sólido,5,16239.6,3
sólidos,5,14500.0,3
tabasco,1,11000.0,2
tabascorequisitos,1,11500.0,2
tablas,1,10000.0,2
tacubaya,2,10432.0,2
talento,33,12274.35294117647,3
talentosas,1,16000.0,3
talleres,1,9000.0,2
también,2,11750.0,2
tanque,1,13000.0,3
tareas,4,10092.0,2
tarjeta,1,10000.0,2
tarjetas,1,18600.0,1
taylor,4,16800.0,1
tecnico,8,9933.333333333334,2
tecnología,7,13960.0,3
tecnologías,1,15000.0,3
tecnológicos,1,22000.0,1
tecnovigilancia,4,17000.0,1
telefónica,6,16200.0,3
telefónicas,3,11333.333333333334,2
telemarketing,1,14000.0,3
teleperformance,1,15000.0,3
teléfono,3,16999.333333333332,1
temario,2,16800.0,1
temperatura,6,16717.2,1
temperaturas,2,12050.0,2
temporal,1,13000.0,3
tendencias,5,11557.5,2
tendrá,1,16275.0,3
tenemos,6,12750.0,3
tengan,2,14000.0,3
tensoactivos,2,14000.0,3
teorías,1,7000.0,2
terapia,3,14900.0,3
terapias,4,16800.0,1
tercer,1,12500.0,3
termina,2,10000.0,2
terminada,11,12866.333333333334,3
terminadas,1,13000.0,3
terminado,22,15170.0,3
terminadoprestaciones,1,11000.0,2
terminados,2,14019.5,3
terminados;,1,13000.0,3
terminal,1,16370.0,3
terminar,1,6276.0,2
termohigrómetros,1,11500.0,2
termómetros,3,10250.0,2
testigo,1,9000.0,2
texcoco,4,9200.0,2
textil,11,9033.333333333334,2
textos,2,14200.0,3
teóricas,1,7000.0,2
tickets,1,15000.0,3
tiempo,57,15074.55,3
tiempohabilidades,2,15000.0,3
tiempos,3,11000.0,2
tiendas,8,12000.0,2
tienen,2,11000.0,2
tienes,18,12677.777777777777,3
tijuana,1,14000.0,3
tinturas,4,13000.0,3
titulaciones,1,12000.0,2
titulación,1,14400.0,3
titulado,19,13991.666666666666,3
titulado/a,2,8400.0,2
tituladoexperiencia,1,11000.0,2
titulador,1,20000.0,1
titulados,3,20944.0,1
titulo,30,14003.692307692309,3
tlajomulco,4,14500.0,3
tlalpan,2,10600.0,2
tolerancia,5,14200.0,3
tolerante,1,12600.0,3
toluca,3,14500.0,3
toluquilla,1,14000.0,3
tomando,3,14000.0,3
tomará,1,9000.0,2
toxina,1,8600.0,2
trabaja,1,13500.0,3
trabajado,1,9000.0,2
trabajamos,5,16000.0,3
trabajando,4,11800.0,2
trabajar,29,12470.8,3
trabajaremos,1,13500.0,3
trabajarás,1,16000.0,3
trabaje,1,15000.0,3
trabajo,157,13369.236842105263,3
trabajofunciones,2,15000.0,3
traducciones,1,10000.0,2
traducción,1,11000.0,2
tramite,1,14400.0,3
tramites,2,17100.0,1
transacciones,1,12000.0,2
transferencia,4,14500.0,3
transformación,2,20000.0,1
transformando,2,8400.0,2
transformar,2,20000.0,1
transfuncional,2,14400.0,3
transnacional,3,15900.0,3
transporte,27,12699.0,3
transportepertenecer,1,11000.0,2
trasladarse,1,15000.0,3
traslado,3,8932.0,2
trasnportelugar,1,13000.0,3
tratada,1,12800.0,3
tratamiento,6,13519.6,3
tratamientos,1,15000.0,3
tratar,2,10000.0,2
traumatología,1,21000.0,1
través,11,16320.888888888889,3
trayectoria,4,13999.5,3
trazabilidad,6,14499.5,3
trazablecumplir,1,20000.0,1
tricromía,1,10500.0,2
trimestrales,1,18600.0,1
troncoso,1,16275.0,3
trunca,2,10000.0,2
trunco,2,8400.0,2
trámite,2,9200.0,2
trámites,15,14685.42857142857,3
turistas,1,9000.0,2
turnos¿qué,2,12000.0,2
técnica,9,14680.0,3
técnicas,25,13516.875,3
técnicasmanejo,1,17000.0,1
técnico,40,12913.64705882353,3
técnicos,18,13714.285714285714,3
técnicosapoyo,2,15000.0,3
térmica,1,15800.0,3
título,47,13558.68,3
tóxicos,2,10000.0,2
ubicaciones,2,10000.0,2
ubicaciòn,1,10370.0,2
ubicación,28,14423.9,3
ubicado,1,16370.0,3
ultrasonido,1,15000.0,3
unicamente,2,9500.0,2
unidad,3,12900.0,3
unidades,6,14234.0,3
unidos,4,15296.0,3
uniforme,4,10121.333333333334,2
uniformes,35,13071.166666666666,3
unirse,14,11977.6,2
unirte,4,15800.0,3
unitec,1,22000.0,1
united,1,13000.0,3
universidad,5,10666.666666666666,2
universidades,5,14250.0,3
universitario,2,10000.0,2
universitarios,3,11166.666666666666,2
uplc´s,1,17039.0,1
uretrales,1,10000.0,2
urgencia,2,15019.5,3
uroanálisis,22,13267.142857142857,3
uruapan,2,14100.0,3
usamos,1,18600.0,1
usuarios,6,14500.0,3
utilidad,2,14000.0,3
utilidades,5,13375.0,3
utilizadas,3,13999.666666666666,3
utilizado,3,12500.0,3
utilizando,2,18500.0,1
utilizarse,1,18400.0,1
vacacional,21,12188.142857142857,3
vacaciones,43,12164.894736842105,3
vacante,17,14712.083333333334,3
vacante;,1,14400.0,3
vacantes,3,18000.0,1
vaciando,1,16000.0,3
vaginales,1,10000.0,2
validaciones,7,16333.333333333334,3
validación,34,13719.9,3
validado,1,14000.0,3
validados,1,19000.0,1
validar,8,15081.142857142857,3
valladolid,1,10370.0,2
vallejo,1,15000.0,3
valoramos,11,14449.75,3
valores,7,16337.6,3
vancante,1,8300.0,2
vanguardia,1,18600.0,1
variaciones,1,14200.0,3
vegetal,3,13000.0,3
vehículo,2,11500.0,2
veintitrés,1,15600.0,3
vencida,1,18600.0,1
vencimiento,1,10000.0,2
vendedor,1,9000.0,2
vender,1,8600.0,2
ventaja,3,17944.0,1
ventas,34,12560.0,3
ventascomunicar,1,20000.0,1
ventas¿quiénes,1,20000.0,1
veracruz,1,11000.0,2
verdadero,1,15000.0,3
verdaderos,2,20000.0,1
verifica,1,16000.0,3
verificacion,2,13000.0,3
verificaciones,8,14940.0,3
verificación,24,15632.333333333334,3
verificada,1,10900.0,2
verificando,4,16000.0,3
verificar,23,14033.166666666666,3
vernier,1,9000.0,2
versiones,2,17000.0,1
verídica,1,15000.0,3
vespertino,8,12160.0,3
veterinaria,2,18500.0,1
veterinarios,1,18000.0,1
viajar,20,14271.42857142857,3
viajes,3,10000.0,2
vidaseguro,1,14000.0,3
videovigilancia,2,15000.0,3
vidrio,2,20000.0,1
viernes,66,14670.545454545454,3
vigencia,4,14500.0,3
vigente,29,13842.6,3
vigentes,4,13000.0,3
vigenteseguimiento,1,12000.0,2
vigilancia,1,10000.0,2
vigilar,2,13850.0,3
villahermosa,1,15000.0,3
vinílicos,1,21000.0,1
violencia,1,15000.0,3
viscosidad,1,10500.0,2
visible,1,11500.0,2
visita,4,13275.0,3
visitantes,2,11300.0,2
visitar,2,16800.0,1
visitas,14,13422.222222222223,3
visión,4,10200.0,2
visualizar,2,16800.0,1
vivimos,2,8400.0,2
viáticos,9,14700.0,3
volumetría,1,17039.0,1
volumétrico,2,9000.0,2
vuelta,6,14100.0,3
vuelve,3,12500.0,3
válvulas,2,20000.0,1
walmart,13,14000.0,3
wellhub,1,15000.0,3
wellness,2,8400.0,2
wermar,1,10900.0,2
whatsapp,5,13625.0,3
xochimilco,1,6276.0,2
yuriria,1,14100.0,3
zapopan,6,15509.75,3
zaragoza,1,12000.0,2
zootecnista,1,10000.0,2
zuñiga,4,14500.0,3
¡aplica,1,16000.0,3
¡construye,1,10000.0,2
¡empresa,3,15900.0,3
¡esperamos,5,12155.2,3
¡forma,1,15500.0,3
¡importante,1,14999.0,3
¡interesados,2,13850.0,3
¡intégrate,1,16000.0,3
¡postúlate,2,14000.0,3
¡queremos,1,9000.0,2
¡súmate,2,12500.0,3
¡transforma,2,14400.0,3
¡¡¡¡¡¡¡sé,1,6100.0,2
¡éxito,1,13000.0,3
¡únete,22,14992.92857142857,3
¬conocimientos,1,10370.0,2
¬crear,1,10370.0,2
¬elaboración,1,10370.0,2
¬facilidad,1,10370.0,2
¬manejo,1,10370.0,2
¿cuáles,2,12000.0,2
¿dónde,1,14200.0,3
¿interesado,1,20000.0,1
¿listo,1,16000.0,3
¿quiénes,1,9000.0,2
álvaro,2,20000.0,1
ámbito,1,7000.0,2
árboles,1,11500.0,2
áreagestionar,1,17000.0,1
étnico,9,13280.0,3
índices,1,18600.0,1
íntegra,1,20000.0,1
ópticas,1,10000.0,2
óptima,1,15000.0,3
óptimas,6,13050.0,3
órdenes,7,15180.0,3
ósmosis,1,12000.0,2
última,5,14500.0,3
últimas,1,7000.0,2
últimos,4,10000.0,2
únicamente,3,10788.0,2
únicos,1,15000.0,3
útiles,2,15450.0,3
﻿﻿cortesías,1,9000.0,2
﻿﻿horario,1,9000.0,2
﻿﻿para,1,9000.0,2
﻿﻿uniforme,1,9000.0,2
